"Item Id","Sold Date","Canceled Date","Completed Date","Item Title","Order Status","Shipped to State","Shipped from State","Item Price","Buyer Shipping Fee","Seller Shipping Fee","Mercari Selling Fee","Payment Processing Fee Charged To Seller","Shipping Adjustment Fee","Penalty Fee","Net Seller Proceeds","Sales Tax Charged to Buyer","Merchant Fees Charged to Buyer","Service Fee Charged to Buyer","Buyer Protection Charged to Buyer","Payment Processing Fee Charged to Buyer"
"m20859036975","09/28/2019","","10/03/2019","Lilly Pulitzer MCKIM WEDGE, gold metalli","Completed","New Jersey","Florida","40.00","11.00","0.00","4.00","0.00","0.00","0.00","36.00","0.00","0.00","0.00","0.00","0.00"
"m68336501553","10/13/2019","","10/18/2019","AT&T UMM ART AirTies Smart WiFi Extender","Completed","California","Florida","30.00","0.00","5.25","3.00","0.00","0.00","0.00","21.75","0.00","0.00","0.00","0.00","0.00"
"m23823427343","10/18/2019","","10/22/2019","HP Universal Power Adapter - black","Completed","Georgia","Florida","21.00","0.00","5.25","2.10","0.00","0.00","0.00","13.65","0.00","0.00","0.00","0.00","0.00"
"m15223458477","10/24/2019","","10/27/2019","ELTA MD UV-46 sunscreen (Tinted)","Completed","Texas","Florida","25.00","0.00","5.25","2.50","0.00","0.00","0.00","17.25","0.00","0.00","0.00","0.00","0.00"
"m15155580813","12/20/2019","","12/24/2019","Aritzia TNA Niseko Parka - black - Mediu","Completed","California","Florida","130.00","0.00","10.77","13.00","0.00","0.00","0.00","106.23","13.33","0.00","0.00","0.00","0.00"
"m29523448458","02/10/2020","","02/12/2020","frye lola perf slide - sz 7.5 - cognac","Completed","Tennessee","Florida","60.00","0.00","11.00","6.00","0.00","0.00","0.00","43.00","0.00","0.00","0.00","0.00","0.00"
"m13348335286","02/24/2020","","02/29/2020","Cuisnart CGG-180T petit gourmet portable","Completed","Maryland","Florida","45.00","0.00","10.40","4.50","0.00","0.00","0.00","30.10","2.70","0.00","0.00","0.00","0.00"
"m47704376028","03/08/2020","","03/11/2020","NEW FRYE Phillip Harness Short cognac 7","Completed","Maryland","Florida","106.00","0.00","9.55","10.60","0.00","0.00","0.00","85.85","6.36","0.00","0.00","0.00","0.00"
"m45761493598","03/25/2020","","03/27/2020","frye Casey NS tote - black","Completed","Missouri","Florida","130.00","0.00","11.00","13.00","0.00","0.00","0.00","106.00","0.00","0.00","0.00","0.00","0.00"
"m62985136435","04/05/2020","","04/08/2020","FRYE harness small saddle XBDY- BLK","Completed","California","Florida","117.00","0.00","4.99","11.70","0.00","0.00","0.00","100.31","10.82","0.00","0.00","0.00","0.00"
"m78622089435","04/20/2020","","04/22/2020","Birkenstock Gizeh - golden brown - sz 37","Completed","Maryland","Florida","46.00","0.00","9.55","4.60","0.00","0.00","0.00","31.85","2.76","0.00","0.00","0.00","0.00"
"m10800936731","05/06/2020","","05/12/2020","Frye Melissa Slim Wallet - brown","Completed","Missouri","Florida","84.00","0.00","4.99","8.40","0.00","0.00","0.00","70.61","0.00","0.00","0.00","0.00","0.00"
"m76558431327","05/15/2020","","05/19/2020","Frye Melissa Western Satchel - Dk Brown","Completed","North Carolina","Florida","150.00","0.00","9.99","15.00","0.00","0.00","0.00","125.01","10.13","0.00","0.00","0.00","0.00"
"m43716838275","05/16/2020","","05/21/2020","Kerastase Fusio Dose Booster Discipline","Completed","California","Florida","27.00","0.00","4.99","2.70","0.00","0.00","0.00","19.31","2.09","0.00","0.00","0.00","0.00"
"m34768957608","06/02/2020","","06/04/2020","Mirenesse All Day Master Perfect Brows-D","Completed","Tennessee","Florida","13.00","0.00","4.99","1.30","0.00","0.00","0.00","6.71","0.00","0.00","0.00","0.00","0.00"
"m81456435464","06/16/2020","","06/22/2020","Frye Melissa Whipstitch crossbody-brown","Completed","Ohio","Florida","179.00","0.00","4.99","17.90","0.00","0.00","0.00","156.11","12.98","0.00","0.00","0.00","0.00"
"m58547484500","06/18/2020","","06/27/2020","Patricia Nash Lorena clog, Red, sz 9","Completed","California","Florida","65.00","0.00","9.99","6.50","0.00","0.00","0.00","48.51","5.69","0.00","0.00","0.00","0.00"
"m47445424105","06/19/2020","06/19/2020","","Frye Ilana Harness L Zip wallet - wine","Cancelled","Wisconsin","Florida","88.00","0.00","4.99","0.00","0.00","0.00","0.00","0.00","0.00","0.00","0.00","0.00","0.00"
"m47445424105","06/19/2020","","06/24/2020","Frye Ilana Harness L Zip wallet - wine","Completed","Wisconsin","Florida","88.00","0.00","4.99","8.80","0.00","0.00","0.00","74.21","4.40","0.00","0.00","0.00","0.00"
"m59566777764","06/24/2020","","07/04/2020","Pikolinos Sagunto, Garnet, Sz 37","Completed","Idaho","Florida","79.00","0.00","9.99","7.90","0.00","0.00","0.00","61.11","4.74","0.00","0.00","0.00","0.00"
"m42019885053","06/24/2020","","06/30/2020","Various nail color paint - opi and essie","Completed","New Hampshire","Florida","37.00","0.00","9.99","3.70","0.00","0.00","0.00","23.31","0.00","0.00","0.00","0.00","0.00"
"m87519844754","06/25/2020","","06/29/2020","Christian Louboutin x Nordstrom shopping","Completed","Illinois","Florida","18.00","0.00","4.99","1.80","0.00","0.00","0.00","11.21","1.13","0.00","0.00","0.00","0.00"
"m19762491995","06/27/2020","","07/10/2020","Gucci shopping bag","Completed","Colorado","Florida","25.00","0.00","4.99","2.50","0.00","0.00","0.00","17.51","2.00","0.00","0.00","0.00","0.00"
"m33800286000","07/01/2020","","07/06/2020","VTech cordless phone cs6719-2","Completed","New York","Florida","23.00","0.00","4.99","2.30","0.00","0.00","0.00","15.71","1.93","0.00","0.00","0.00","0.00"
"m26297913081","07/01/2020","","07/09/2020","Frye Harness Crossbody Bucket -Yellow","Completed","Illinois","Florida","150.00","0.00","4.99","15.00","0.00","0.00","0.00","130.01","9.38","0.00","0.00","0.00","0.00"
"m86743683864","07/02/2020","","07/08/2020","Frye Melissa Saddle - beige","Completed","Alabama","Florida","128.00","0.00","4.99","12.80","0.00","0.00","0.00","110.21","10.24","0.00","0.00","0.00","0.00"
"m13062472904","07/16/2020","","07/20/2020","Tory Burch Eliza floral top Sz 6","Completed","California","Florida","46.00","0.00","4.99","4.60","0.00","0.00","0.00","36.41","3.91","0.00","0.00","0.00","0.00"
"m92576375323","07/17/2020","","07/25/2020","Frye Farrah Fringe Shoulder bag - blk","Completed","New York","Florida","172.00","0.00","9.55","17.20","0.00","0.00","0.00","145.25","15.05","0.00","0.00","0.00","0.00"
"m88249508159","07/18/2020","07/19/2020","","Frye Melissa Whipstitch Crsbdy-dark gree","Cancelled","Texas","Florida","60.00","0.00","4.99","0.00","0.00","0.00","0.00","0.00","0.00","0.00","0.00","0.00","0.00"
"m33653246247","07/20/2020","","07/26/2020","Reynosa 58" Floor Lamp-nickel","Completed","Indiana","Florida","53.00","0.00","12.50","5.30","0.00","0.00","0.00","35.20","3.71","0.00","0.00","0.00","0.00"
"m11428601054","07/22/2020","","07/30/2020","Smashbox Light it up Lipstick & mattifie","Completed","Oregon","Florida","15.00","0.00","4.60","1.50","0.00","0.00","0.00","8.90","0.00","0.00","0.00","0.00","0.00"
"m31241546336","07/22/2020","","07/30/2020","Frye Harness Leather Bucket Xbdy - black","Completed","Oklahoma","Florida","150.00","0.00","4.99","15.00","0.00","0.00","0.00","130.01","14.78","0.00","0.00","0.00","0.00"
"m54437822859","08/02/2020","","08/08/2020","Frye Harness Tote - black","Completed","Washington","Florida","132.00","0.00","9.99","13.20","0.00","0.00","0.00","108.81","12.41","0.00","0.00","0.00","0.00"
"m25049433229","08/08/2020","","08/13/2020","NWT Pikolinos (W) Leather Crossbody-Brow","Completed","Indiana","Florida","73.00","0.00","4.99","7.30","0.00","0.00","0.00","60.71","5.11","0.00","0.00","0.00","0.00"
"m57115970947","08/12/2020","","08/19/2020","NEW -NUDE Purify deep cleansing mask","Completed","Illinois","Florida","32.00","0.00","4.99","3.20","0.00","0.00","0.00","23.81","2.00","0.00","0.00","0.00","0.00"
"m54077835304","08/14/2020","","08/18/2020","Apple keyboard silver OBO","Completed","Georgia","Florida","40.00","0.00","9.99","4.00","0.00","0.00","0.00","26.01","3.20","0.00","0.00","0.00","0.00"
"m61119815728","08/20/2020","","08/28/2020","Louis Vuitton orange shopping bag","Completed","Georgia","Florida","13.00","0.00","4.99","1.30","0.00","0.00","0.00","6.71","0.78","0.00","0.00","0.00","0.00"
"m23457251476","08/23/2020","","08/28/2020","Swarovski ballerina figurine","Completed","Pennsylvania","Florida","170.00","0.00","4.99","17.00","0.00","0.00","0.00","148.01","13.60","0.00","0.00","0.00","0.00"
"m13732376161","09/04/2020","","09/10/2020","Frye Anna toiletry/cosmetic bag-gry/brn","Completed","Oklahoma","Florida","68.00","0.00","4.60","6.80","0.00","0.00","0.00","56.60","3.57","0.00","0.00","0.00","0.00"
"m78384606274","09/06/2020","","09/12/2020","Victorias Secret PINK quarter zip, M","Completed","Massachusetts","Florida","24.00","0.00","4.99","2.40","0.00","0.00","0.00","16.61","0.00","0.00","0.00","0.00","0.00"
"m55716496648","09/08/2020","","09/16/2020","NEW Frye Campus 14L, Black, sz 8","Completed","California","Florida","150.00","0.00","9.99","15.00","0.00","0.00","0.00","125.01","10.88","0.00","0.00","0.00","0.00"
"m36861152660","09/12/2020","","09/19/2020","Steelers Reebok Womens hoodie-Sm","Completed","Idaho","Florida","24.00","0.00","4.99","2.40","0.00","0.00","0.00","16.61","1.44","0.00","0.00","0.00","0.00"
"m10921526150","09/13/2020","","09/22/2020","Frye Platform Ankle Tie Wedge Sandal 37","Completed","California","Florida","45.00","0.00","9.99","4.50","0.00","0.00","0.00","30.51","3.49","0.00","0.00","0.00","0.00"
"m86891881540","09/13/2020","","09/17/2020","Frye Emma Tote - Natural (beige color)","Completed","Virginia","Florida","104.00","0.00","4.99","10.40","0.00","0.00","0.00","88.61","6.24","0.00","0.00","0.00","0.00"
"m54139631256","09/14/2020","","09/22/2020","NWT Frye Melissa Hobo, Cognac","Completed","Tennessee","Florida","230.00","0.00","4.99","23.00","0.00","0.00","0.00","202.01","0.00","0.00","0.00","0.00","0.00"
"m26117089997","09/15/2020","","09/19/2020","Dolce & Gabbana Floral Pink Sunglasses","Completed","South Carolina","Florida","68.00","0.00","4.99","6.80","0.00","0.00","0.00","56.21","4.08","0.00","0.00","0.00","0.00"
"m69763484357","09/16/2020","","09/20/2020","Onzie Capri Pant skull leggings - Large","Completed","Florida","Florida","38.00","0.00","4.99","3.80","0.00","0.00","0.00","29.21","0.00","0.00","0.00","0.00","0.00"
"m60659829979","09/18/2020","","09/23/2020","Timberland Pom Beanie - grey","Completed","Texas","Florida","17.00","0.00","4.99","1.70","0.00","0.00","0.00","10.31","1.40","0.00","0.00","0.00","0.00"
"m93720169288","09/24/2020","","10/01/2020","Frye Heidi Fringe Hobo - grey","Completed","Texas","Florida","140.00","0.00","9.99","14.00","0.00","0.00","0.00","116.01","11.55","0.00","0.00","0.00","0.00"
"m11779246095","12/01/2020","12/02/2020","","Casio FR-2650tm calculator","Cancelled","Washington","Florida","45.00","0.00","9.99","0.00","0.00","0.00","0.00","0.00","0.00","0.00","0.00","0.00","0.00"
"m75279446594","07/09/2021","","07/13/2021","Frye Belle Bohemian Hobo - dark gry/brwn","Completed","South Carolina","Florida","107.00","0.00","9.99","10.70","3.40","0.00","0.00","82.91","9.63","0.00","0.00","0.00","0.00"
"m55269391091","07/25/2021","","07/31/2021","Frye Melissa Tote, dark brown","Completed","North Carolina","Florida","150.00","0.00","7.99","15.00","4.65","0.00","0.00","122.36","10.13","0.00","0.00","0.00","0.00"
"m77767016213","07/28/2021","","08/01/2021","NWOT Frye Ivy Nylon Pouch - Peacock","Completed","Oregon","Florida","24.00","5.99","0.00","2.40","1.00","0.00","0.00","20.60","0.00","0.00","0.00","0.00","0.00"
"m44405124776","07/28/2021","","08/06/2021","NEW IN BOX Cuisinart Coffee Grinder","Completed","Alabama","Florida","27.00","7.99","0.00","2.70","1.08","0.00","0.00","23.22","2.16","0.00","0.00","0.00","0.00"
"m63210959495","07/28/2021","","08/03/2021","Melissa camera crossbody slate","Completed","North Carolina","Florida","100.00","7.99","0.00","10.00","3.20","0.00","0.00","86.80","7.29","0.00","0.00","0.00","0.00"
"m23043646627","07/30/2021","","08/05/2021","Frye Melissa Shopper - Slate","Completed","Arizona","Florida","144.00","0.00","11.50","14.40","4.48","0.00","0.00","113.62","11.23","0.00","0.00","0.00","0.00"
"m95260475095","08/12/2021","","08/17/2021","NWT Frye Melissa camera Crossbody-brown","Completed","New Jersey","Florida","129.00","4.99","0.00","12.90","4.04","7.01","0.00","98.04","8.88","0.00","0.00","0.00","0.00"
"m69568802930","08/17/2021","","08/27/2021","Deborah Studded tote - anthracite","Completed","Iowa","New York","210.00","0.00","7.99","21.00","6.39","0.00","0.00","174.62","14.70","0.00","0.00","0.00","0.00"
"m87809628367","08/18/2021","","08/31/2021","Casey. Tan","Completed","California","New York","95.00","0.00","7.99","9.50","3.06","0.00","0.00","74.45","9.50","0.00","0.00","0.00","0.00"
"m73775802510","08/20/2021","","08/25/2021","FRYE x Anna Sui Dutchess Saddle Crossbod","Completed","New York","Florida","175.00","0.00","9.55","17.50","5.38","0.00","0.00","142.57","14.00","0.00","0.00","0.00","0.00"
"m44938057856","08/20/2021","","08/29/2021","Frye Campus Hip Pack - Beige","Completed","Pennsylvania","New York","130.00","0.00","7.99","13.00","4.07","0.00","0.00","104.94","7.80","0.00","0.00","0.00","0.00"
"m75918075509","08/25/2021","","08/30/2021","NEW Mirenesse Velvet Lip Mania Collectio","Completed","California","Florida","20.00","0.00","3.65","2.00","0.88","0.00","0.00","13.47","1.85","0.00","0.00","0.00","0.00"
"m69034419895","08/26/2021","","09/01/2021","Frye Satchel - brown","Completed","Florida","Florida","90.00","0.00","9.99","9.00","2.91","0.00","0.00","68.10","6.75","0.00","0.00","0.00","0.00"
"m73777456991","09/03/2021","","09/10/2021","Frye Melissa Backpack (42132) - Slate","Completed","North Carolina","New York","140.00","0.00","7.99","14.00","4.36","0.00","0.00","113.65","9.45","0.00","0.00","0.00","0.00"
"m55921014311","09/10/2021","09/10/2021","","Frye Melissa Hobo, cognac","Cancelled","Texas","Maryland","165.00","0.00","7.99","0.00","0.00","0.00","0.00","0.00","0.00","0.00","0.00","0.00","0.00"
"m45004510285","09/13/2021","","09/16/2021","Pikolinos Madrid wedge sneaker, 37, olmo","Completed","Texas","Florida","50.00","0.00","7.99","5.00","1.75","0.00","0.00","35.26","3.38","0.00","0.00","0.00","0.00"
"m80789013444","09/21/2021","","09/27/2021","Nwob vionic posey flat, black, sz 7","Completed","Texas","Maryland","41.00","0.00","11.50","4.10","1.49","0.00","0.00","23.91","3.38","0.00","0.00","0.00","0.00"
"m40807479750","09/22/2021","","09/28/2021","Frye Natalie Cuff Lug, sz 8.5, Dk Brown","Completed","Alaska","New York","120.00","12.00","0.00","12.00","3.78","0.00","0.00","104.22","0.00","0.00","0.00","0.00","0.00"
"m50487600122","09/24/2021","","10/02/2021","Frye Melissa Shoulder, cognac","Completed","Georgia","Maryland","160.00","0.00","7.99","16.00","4.94","0.00","0.00","131.07","12.80","0.00","0.00","0.00","0.00"
"m77695832756","09/26/2021","","10/09/2021","Hello Kitty Space millenium wedding pair 2000","Completed","Texas","New York","60.00","7.99","0.00","6.00","2.04","0.00","0.00","51.96","0.00","0.00","0.00","0.00","0.00"
"m39979178442","09/29/2021","","10/10/2021","Steve Madden Chevie boot, blk multi, sz 7.5","Completed","California","Maryland","21.00","7.99","0.00","2.10","0.91","0.00","0.00","17.99","1.84","0.00","0.00","0.00","0.00"
"m35753399438","10/01/2021","","10/13/2021","NWT Pikolinos Alcora Crossbody WHA-150C3 (BRANDY)","Completed","California","Florida","152.00","0.00","7.99","15.20","4.71","0.00","0.00","124.10","13.30","0.00","0.00","0.00","0.00"
"m54742772347","10/05/2021","","10/15/2021","Frye colorful structured tote, blue red multi","Completed","Texas","New York","150.00","7.99","0.00","15.00","4.65","0.00","0.00","130.35","13.03","0.00","0.00","0.00","0.00"
"m82863423476","10/08/2021","","10/12/2021","Coach Shoehorn, signature logo  (silver)","Completed","Louisiana","Florida","25.00","5.99","0.00","2.50","1.03","0.00","0.00","21.47","3.08","0.00","0.00","0.00","0.00"
"m67932310966","10/09/2021","","10/21/2021","Frye Kelly Front Zip bootie, Green, sz 6","Completed","Washington","New York","95.00","0.00","7.99","9.50","3.06","0.00","0.00","74.45","7.32","0.00","0.00","0.00","0.00"
"m13626489437","10/14/2021","","10/15/2021","CK Jeans High top sneaker, white, sz 9","Completed","New Jersey","Florida","55.00","7.99","0.00","5.50","1.90","0.00","0.00","47.60","0.00","0.00","0.00","0.00","0.00"
"m72035491751","10/21/2021","","10/26/2021","Coach Poppy bangle - gold","Completed","North Carolina","Florida","38.00","0.00","3.65","3.80","1.40","0.00","0.00","29.15","2.76","0.00","0.00","0.00","0.00"
"m11050011783","10/24/2021","","10/26/2021","Frye Sabrina 6G lace up, sz 6, blk/grey","Completed","New York","New York","144.00","0.00","7.99","14.40","4.48","0.00","0.00","117.13","12.78","0.00","0.00","0.00","0.00"
"m83108364521","11/08/2021","","11/16/2021","NWOB belle -sigerson morrison booties, brown, 6","Completed","Florida","Florida","65.00","7.99","0.00","6.50","2.19","0.00","0.00","56.31","5.47","0.00","0.00","0.00","0.00"
"m10751571481","11/12/2021","","11/19/2021","Frye Large Addie Crossbody - Sand","Completed","California","New York","170.00","7.84","0.00","17.00","5.23","0.00","0.00","147.77","15.51","0.00","0.00","0.00","0.00"
"m59785780137","11/28/2021","","12/02/2021","Katy Perry dustbag","Completed","California","Florida","15.00","0.00","4.99","1.50","0.74","0.00","0.00","7.77","1.24","0.00","0.00","0.00","0.00"
"m28616603266","12/02/2021","","12/13/2021","Aquatalia knee high boots, BLK, sz 6.5","Completed","Nevada","New York","98.00","0.00","7.99","9.80","3.14","0.00","0.00","77.07","8.21","0.00","0.00","0.00","0.00"
"m43935708892","12/13/2021","","12/18/2021","Kate Spade Stop & Smell the Roses Idiom Bangle","Completed","Maryland","Florida","24.00","0.00","4.80","2.40","1.00","0.00","0.00","15.80","1.44","0.00","0.00","0.00","0.00"
"m82403768234","12/14/2021","","12/28/2021","Frye Drawstring crossbody, brown","Completed","Alabama","New York","100.00","7.99","0.00","10.00","3.20","0.00","0.00","86.80","8.00","2.00","0.00","0.00","0.00"
"m36683474789","12/22/2021","","12/31/2021","Frye Belle Bohemian Crossbody, whiskey","Completed","California","New York","152.00","7.84","0.00","15.20","4.71","0.00","0.00","132.09","12.54","0.00","0.00","0.00","0.00"
"m31702760539","02/12/2022","","02/17/2022","NIB Aquatalia Kalena boot, Blk, sz 7.5","Completed","Massachusetts","New York","110.00","7.84","0.00","11.00","3.49","0.00","0.00","95.51","0.00","0.00","0.00","0.00","0.00"
"m29814513772","02/17/2022","","02/28/2022","Frye Whipstitch High top, Sand, sz 7","Completed","California","New York","54.00","0.00","7.99","5.40","1.87","0.00","0.00","38.74","5.13","0.00","0.00","0.00","0.00"
"m82256477403","03/04/2022","","03/11/2022","Frye Skull Tote, ivory/beige color","Completed","Massachusetts","New York","150.00","7.84","0.00","15.00","4.65","0.00","0.00","130.35","9.38","0.00","0.00","0.00","0.00"
"m46974880041","03/19/2022","","03/27/2022","Frye Natalie Backpack, brown","Completed","Georgia","Maryland","148.00","7.99","0.00","14.80","4.59","0.00","0.00","128.61","9.36","0.00","0.00","0.00","0.00"
"m18812974400","04/04/2022","","04/08/2022","NIB Frye Carson Ankle Zip, cognac, sz 7","Completed","Ohio","New York","75.00","0.00","7.99","7.50","2.48","0.00","0.00","57.03","5.44","0.00","0.00","0.00","0.00"
"m35629704272","04/08/2022","","04/17/2022","Frye Sabrina 6G lace up, brown/tan, sz 6","Completed","Illinois","New York","155.00","9.66","0.00","15.50","4.80","0.00","0.00","134.70","10.29","2.00","0.00","0.00","0.00"
"m13674011475","04/30/2022","","05/07/2022","Bliss Firm, Baby, Firm Moisturizer NEW","Completed","North Carolina","Florida","44.00","0.00","4.99","4.40","1.58","0.00","0.00","33.03","3.19","0.00","0.00","0.00","0.00"
"m70751916133","08/06/2022","","08/10/2022","Frye Farrah Fringe bag- burnt red","Completed","Maryland","New York","158.00","10.20","0.00","15.80","4.88","0.00","0.00","137.32","9.48","0.00","0.00","0.00","0.00"
"m77994941954","08/20/2022","","08/26/2022","Frye Veronica Duck boot, brown multi, sz 6","Completed","Washington","New York","115.00","7.99","0.00","11.50","3.64","0.00","0.00","99.86","10.70","0.00","0.00","0.00","0.00"
"m68072565224","10/24/2022","","10/29/2022","Frye Studded Clutch, black","Completed","Texas","New York","65.00","6.18","0.00","6.50","2.19","0.00","0.00","56.31","5.87","0.00","0.00","0.00","0.00"
"m85561275449","11/14/2022","","11/17/2022","Pikolinos Calafat - cuero(brown) -sz 37","Completed","Ohio","New York","43.00","0.00","9.99","4.30","1.75","0.00","0.00","26.96","3.23","0.00","0.00","0.00","0.00"
"m58947854617","11/30/2022","","12/07/2022","Aquatalia Inside Zip Suede Boots, BLK, 9","Completed","New York","New York","83.00","10.20","0.00","8.30","2.91","0.00","0.00","71.79","3.73","0.00","0.00","0.00","0.00"
"m58546144557","12/07/2022","","12/16/2022","Dansko red white floral clog, Sz 40","Completed","Missouri","New York","50.00","7.99","0.00","5.00","1.95","0.00","0.00","43.05","4.49","0.00","0.00","0.00","0.00"
"m44340373464","12/22/2022","","01/01/2023","NIB Aquatalia Kalena sheslring boot, taupe, sz 7","Completed","Mississippi","New York","123.00","10.20","0.00","12.30","4.07","0.00","0.00","106.63","9.32","0.00","0.00","0.00","0.00"
"m93688402317","12/28/2022","12/30/2022","","NIB Christian Dior Tabriz salt pepper shaker set","Cancelled","Texas","New York","190.00","6.18","0.00","0.00","0.00","0.00","0.00","0.00","0.00","0.00","0.00","0.00","0.00"
"m55853080287","12/29/2022","","01/08/2023","Frye Melissa Knotted Short, BLK, sz 6","Completed","Colorado","New York","75.00","10.20","0.00","7.50","2.68","0.00","0.00","64.82","3.59","0.00","0.00","0.00","0.00"
"m33563488377","01/30/2023","","02/04/2023","NWOB Vionic Mason loafer, sz 9, brown","Completed","Illinois","Maryland","68.00","0.00","7.99","6.80","2.47","0.00","0.00","50.74","5.61","0.00","0.00","0.00","0.00"
"m72996063809","01/30/2023","","02/06/2023","Sesame Street Elmo, Cookie Monster bag","Completed","Arizona","New York","18.00","6.18","0.00","1.80","1.02","0.00","0.00","15.18","1.55","0.00","0.00","0.00","0.00"
"m68448123791","04/14/2023","04/16/2023","","Fulton St Market foaming rug & carpet cleaner","Cancelled","Washington","New York","14.00","9.50","0.00","0.00","0.00","0.00","0.00","0.00","0.00","0.00","0.00","0.00","0.00"
"m13894668769","05/15/2023","","05/28/2023","NWOB Aquatalia Pasha heel, 6.5, maroon","Completed","California","New York","42.00","12.50","0.00","4.20","2.08","0.00","0.00","35.72","4.31","0.00","0.00","0.00","0.00"
"m37325921515","06/12/2023","07/12/2023","","NWt Frye Stanton Top Handle briefcase, black","Cancelled","Wisconsin","New York","279.00","0.00","7.84","0.00","0.00","0.00","0.00","0.00","0.00","0.00","0.00","0.00","0.00"
"m10942257663","07/12/2023","","07/15/2023","NWT adidas next level back plate, black (one)","Completed","Georgia","New York","28.00","7.40","0.00","2.80","1.53","5.77","0.00","12.13","2.48","0.00","0.00","0.00","0.00"
"m88137355780","08/17/2023","08/22/2023","","Frye Veronica Short boots, Lilac, sz 6","Cancelled","Hawaii","New York","92.00","13.17","0.00","0.00","0.00","0.00","0.00","0.00","0.00","0.00","0.00","0.00","0.00"
"m28192124508","09/10/2023","","09/16/2023","NIB Coach Desaree Pump, magenta, sz 9.5","Completed","Maryland","New York","56.00","9.50","0.00","5.60","2.40","0.00","0.00","48.00","3.36","0.00","0.00","0.00","0.00"
"m17689595262","10/04/2023","","10/11/2023","Givenchy dust bag black","Completed","Nevada","Florida","17.00","0.00","4.99","1.70","0.99","0.00","0.00","9.32","1.42","0.00","0.00","0.00","0.00"
"m45989826401","10/13/2023","","10/21/2023","Coclico Wedge Sandal, sz 39, Red","Completed","California","New York","34.00","0.00","7.99","3.40","1.49","0.00","0.00","21.12","3.23","0.00","0.00","0.00","0.00"
"m41575731061","12/16/2023","","12/23/2023","Active \ Skincare Shower in a Bottle 6oz","Completed","Massachusetts","Florida","20.00","0.00","4.99","2.00","1.08","0.00","0.00","11.93","1.25","0.00","0.00","0.00","0.00"
"m94593951981","02/07/2024","","02/14/2024","Coach low heels, brown, sz 6","Completed","California","New York","32.40","7.99","0.00","3.24","1.67","0.00","0.00","27.49","2.84","0.00","0.00","0.00","0.00"
"m76741973737","02/10/2024","","02/15/2024","Frye mindy slip on sz 7 BLACK","Completed","New York","Florida","32.00","0.00","9.99","3.20","1.43","0.00","0.00","17.38","0.00","0.00","0.00","0.00","0.00"
"m99889518901","03/03/2024","","03/06/2024","Givenchy dustbag black","Completed","North Carolina","Florida","15.00","0.00","4.99","1.50","0.94","0.00","0.00","7.57","1.01","0.00","0.00","0.00","0.00"
"m91699666271","06/04/2024","","06/17/2024","Coach Buckle Flats, sz 6.5, white/tan","Completed","Montana","New York","30.00","7.99","0.00","0.00","0.00","0.00","0.00","30.00","0.00","0.00","3.90","0.00","1.71"
"m11199910812","08/08/2024","","08/14/2024","NWT adidas next level backplate, chrome (ONE)","Completed","Ohio","New York","26.00","7.99","0.00","0.00","0.00","0.00","0.00","26.00","0.00","0.00","2.08","0.00","1.55"
"m88137355780","09/27/2024","","10/01/2024","Frye Veronica Short boots, Lilac, sz 6","Completed","Hawaii","New York","79.00","6.99","0.00","0.00","0.00","11.46","0.00","56.08","4.23","0.00","7.90","0.00","3.35"
"m63895966569","12/01/2024","","12/10/2024","New YSL All Hours foundation - cool almond BR30","Completed","Washington","New York","32.00","5.34","0.00","0.00","0.00","0.00","0.00","32.00","2.95","0.00","3.20","0.00","1.76"
"m85382086300","12/03/2024","","12/13/2024","Chanel paper shopping bag, black","Completed","Texas","New York","18.75","5.34","0.00","0.00","0.00","0.00","0.00","18.75","1.79","0.00","1.87","0.00","1.30"
"m32254313086","12/27/2024","","01/09/2025","Frye Perf Tote - Tan // LIKE NEW","Completed","Georgia","New York","170.00","0.00","8.49","0.00","0.00","0.00","0.00","161.51","11.90","0.00","17.00","0.00","6.27"
"m43203809449","01/29/2025","","02/05/2025","NWT Satin Short Sleeve Notch Collar Top and Shorts Pajama Set, Navy Blue, Sz M","Completed","Washington","New York","19.00","0.00","5.34","1.90","0.00","0.00","0.00","11.76","1.55","0.00","0.00","0.68","0.00"
"m46961567927","01/30/2025","","02/05/2025","New in box DMI Deluxe Therapeutic Heating Pad, grey, 12x24","Completed","New York","New York","25.00","0.00","8.49","2.50","0.00","0.00","0.00","14.01","2.23","0.00","0.00","0.90","0.00"
"m96916355287","03/05/2025","","03/10/2025","Tory Burch Flat Espadrille - gold sz 7.5","Completed","Florida","Florida","43.74","9.99","0.00","5.37","0.00","0.00","0.00","38.37","4.17","0.00","0.00","1.93","0.00"
"m71292279381","03/10/2025","","03/20/2025","NWT Saturday Night Live x No Rivals SnapBack, maroon/beige","Completed","Ohio","New York","25.00","0.00","6.29","2.50","0.00","0.00","0.00","16.21","1.68","0.00","0.00","0.90","0.00"
"m89875585474","03/11/2025","","03/16/2025","NWOT Katy Perry make up pouch, multi","Completed","Colorado","New York","28.25","4.34","0.00","3.25","0.00","0.00","0.00","25.00","3.06","0.00","0.00","1.17","0.00"
"m14586895866","03/20/2025","","03/25/2025","Waterproof 30-60° Vid Doorbell Angle Mount  1/2/3/3Plus/4/Wired/Pro/Pro2/(2020 R","Completed","Maryland","New York","10.50","0.00","5.34","1.05","0.00","0.00","0.00","4.11","0.66","0.00","0.00","0.37","0.00"
"m18058681619","05/04/2025","","05/11/2025","NWT Abercrombie & Fitch Linen Blend Mini dress, beige, Sz L","Completed","West Virginia","New York","49.00","7.29","0.00","5.62","0.00","0.00","0.00","43.38","4.08","0.00","0.00","2.02","0.00"
"m86336204857","06/29/2025","","07/07/2025","NIB CONAIR digital food scale","Completed","New York","New York","20.00","0.00","7.34","2.00","0.00","0.00","0.00","10.66","1.84","0.00","0.00","0.72","0.00"
"m89390603836","07/17/2025","","07/24/2025","Steve Madden Slithur-Nude-7.5","Completed","Michigan","Florida","34.66","0.00","11.99","3.46","0.00","0.00","0.00","19.21","2.15","0.00","0.00","1.24","0.00"
"m87241715093","07/25/2025","","08/05/2025","NWT Merona Flats, lime yellow, sz 11","Completed","California","New York","19.50","0.00","8.29","1.95","0.00","0.00","0.00","9.26","2.12","0.00","0.00","0.70","0.00"
"m94635240760","09/09/2025","","09/13/2025","NWT Womens’ecret Body Suit, Nude, M","Completed","Pennsylvania","New York","22.22","0.00","5.34","2.22","0.00","0.00","0.00","14.66","0.06","0.00","0.00","0.79","0.00"
"m35053026989","09/29/2025","","10/04/2025","Like New Gucci large frame (sun) glasses case, bronze","Completed","Texas","New York","32.50","0.00","5.39","3.25","0.00","0.00","0.00","23.86","2.78","0.00","0.00","1.17","0.00"
"m85189789756","10/06/2025","","10/10/2025","NEW Kaftan from Morocco, red/silver/brown, one size","Completed","Virginia","New York","16.20","0.00","6.99","1.62","0.00","0.00","0.00","7.59","1.01","0.00","0.00","0.58","0.00"
"m89628754712","10/15/2025","","10/16/2025","NWT Oysho lace bra lingerie, black, sz 38b","Completed","New York","New York","14.58","0.00","5.39","1.45","0.00","0.00","0.00","7.74","0.05","0.00","0.00","0.52","0.00"
"m19585271625","10/18/2025","","10/26/2025","NWOB Capezio E series slip on jazz shoes, black, Sz 6","Completed","Florida","New York","25.52","0.00","7.39","2.55","0.00","0.00","0.00","15.58","1.85","0.00","0.00","0.91","0.00"
"m31477692597","04/20/2026","04/22/2026","","NWT Meshki Julianne Contrast Knit top, black/white, Sz Sm","Cancelled","California","New York","45.93","0.00","4.99","0.00","0.00","0.00","0.00","0.00","0.00","0.00","0.00","0.00","0.00"
"m49781197382","05/25/2026","","06/05/2026","NWOB FRYE Deborah Studded Zip wallet, whiskey (brown)","Completed","California","New York","120.00","7.97","0.00","12.79","0.00","0.00","0.00","107.21","12.15","0.00","0.00","4.60","0.00"
"m71262220739","06/14/2026","","06/22/2026","NWT Convertible carry on Garment Bag - 2 in 1 Hanging Suitcase, unisex, gray","Completed","Utah","New York","29.16","7.97","0.00","3.71","0.00","0.00","0.00","25.45","2.27","0.00","0.00","1.33","0.00"
"m89060482794","06/15/2026","","06/24/2026","NWT Abercrombie & Fitch cropped trench jacket, size Large, camel","Completed","Oklahoma","New York","72.00","7.97","0.00","7.99","0.00","0.00","0.00","64.01","3.93","0.00","0.00","2.87","0.00"
"m78707179708","07/30/2026","","08/01/2026","NIB CAKES Body Soft Silicone Bra Inserts - HONEY, OG (B-DD)","Completed","Pennsylvania","New York","18.70","0.00","5.66","1.87","0.00","0.00","0.00","11.17","0.04","0.00","0.00","0.67","0.00"
"m44921049298","08/04/2026","","08/10/2026","Quay Jackpot Olive Green Frame Sunglasses with case","Completed","Illinois","New York","41.00","0.00","5.66","4.10","0.00","0.00","0.00","31.24","4.35","0.00","0.00","1.47","0.00"
"Totals:","","","","","","","","10707.61","367.46","692.53","941.79","169.88","24.24","0.00","7916.79","650.49","4.00","35.95","25.54","15.94"
"Report generated on: 2026-08-30 22:44:39 UTC","","","","","","","","","","","","","","","","","","","",""