Brand,Type,Gender,Color,Price,Ship To,Date Listed,Date Sold,Sample
Frye,Shoes,Women,Black,131.00,OR,2019-08-19,2020-01-16,no
Aquatalia,Shoes,Women,Gray,135.00,MD,2019-09-24,2020-01-31,no
Vince Camuto,Accessories,Women,"White,Gray",4.00,NY,2019-11-03,2020-01-30,no
Frye,Bags,Women,Red,135.00,RI,2019-09-08,2020-02-05,no
Elizabeth and James,Accessories,Women,Brown,35.00,NY,2019-08-29,2020-02-05,no
PIKOLINOS,Shoes,Women,Cream,42.00,NY,2019-08-05,2020-02-06,no
Warner Bros.,Office,Home,White,13.00,OH,2019-10-23,2020-02-21,no
Frye,Bags,Women,Black,55.00,PA,2019-09-22,2020-02-23,no
Prada,Bags,Women,Black,160.00,NJ,2019-09-08,2020-02-27,no
Carbon38,Pants & Jumpsuits,Women,Red,55.00,IL,2020-02-16,2020-03-03,no
PIKOLINOS,Shoes,Women,Brown,85.00,CO,2019-09-23,2020-03-09,no
Christian Louboutin,Bags,Women,Cream,740.00,NY,2020-02-19,2020-03-08,no
Valentino Garavani,Shoes,Women,Black,300.00,LA,2020-02-26,2020-03-23,no
adidas,Accessories,Men,Black,12.00,NJ,2019-09-24,2020-03-23,no
Free People,Intimates & Sleepwear,Women,Green,12.00,CA,2019-10-10,2020-03-25,no
Kelsi Dagger,Bags,Women,"Brown,Yellow",30.00,CA,2019-09-24,2020-03-29,no
Copper Fit,Shoes,Men,White,20.00,IL,2019-10-20,2020-04-22,no
C. Wonder,Shoes,Women,"Black,Yellow",46.00,AR,2019-08-28,2020-05-09,no
Frye,Bags,Women,"Cream,Tan",100.00,FL,2020-05-17,2020-05-18,no
Frye,Bags,Women,"Cream,Tan",110.00,CA,2020-05-01,2020-05-15,no
GAP,Shoes,Women,Brown,21.00,PA,2019-10-15,2020-05-27,no
Aquatalia,Shoes,Women,"Blue,Orange",49.00,TX,2019-08-15,2020-05-27,no
Frye,Bags,Women,Brown,80.00,NC,2020-05-26,2020-05-28,no
Frye,Bags,Women,Green,85.00,OH,2020-05-14,2020-05-27,no
Marc By Marc Jacobs,Bags,Women,"Black,White",65.00,NJ,2019-09-13,2020-06-03,no
PIKOLINOS,Shoes,Women,Brown,47.00,OH,2019-09-16,2020-06-06,no
MAC Cosmetics,Makeup,Women,Black,12.00,CA,2020-06-02,2020-06-06,no
Katy Perry Collections,Shoes,Women,"Red,Blue",20.00,MN,2020-04-28,2020-06-09,no
Frye,Bags,Women,"Green,Black",76.00,TX,2020-05-17,2020-06-10,no
Tahari,Pants & Jumpsuits,Women,White,45.00,CT,2020-06-11,2020-06-11,no
Frye,Shoes,Women,Black,60.00,TX,2020-06-26,2020-06-26,no
Frye,Bags,Women,Brown,60.00,SC,2020-05-05,2020-06-26,no
Timberland,Underwear & Socks,Men,"Black,Gray",7.00,GA,2019-11-03,2020-07-13,no
Calvin Klein,Shoes,Women,Black,12.00,CA,2019-03-10,2020-07-29,no
Alterna,Hair,Women,Orange,50.00,WI,2020-07-17,2020-08-01,no
Sharper Image,Accessories,Women,Gray,45.00,PA,2020-08-01,2020-08-09,no
Onzie,Pants & Jumpsuits,Women,"Black,White",35.00,TX,2020-07-03,2020-08-09,no
MICHAEL Michael Kors,Accessories,Women,"Brown,Gold",25.00,IL,2019-09-22,2020-08-13,no
PIKOLINOS,Shoes,Women,Black,70.00,IN,2020-08-09,2020-08-21,no
Onzie,Pants & Jumpsuits,Women,"Brown,Tan",45.00,CA,2020-07-25,2020-08-25,no
Frye,Shoes,Women,Black,118.00,CA,2020-08-15,2020-08-24,no
kate spade,Shoes,Women,"White,Pink",65.00,PA,2020-05-17,2020-08-28,no
Rachel Zoe,Shoes,Women,"Purple,Gold",45.00,NY,2020-06-20,2020-09-02,no
Frye,Bags,Women,"Black,Brown",138.00,IL,2020-05-28,2020-09-06,no
PIKOLINOS,Shoes,Women,"Cream,Red",40.00,OR,2019-08-31,2020-09-06,no
Frye,Shoes,Women,Brown,130.00,SC,2019-08-28,2020-09-12,no
Frye,Bags,Women,Brown,130.00,SC,2020-09-10,2020-09-11,no
PIKOLINOS,Other,Women,"Red,Brown",30.00,FL,2019-08-29,2020-09-14,no
Frye,Bags,Women,Gray,90.00,PA,2020-03-27,2020-09-13,no
Tous,Jewelry,Women,"Silver,Black",50.00,CA,2020-08-31,2020-09-13,no
Frye,Bags,Women,"Brown,Purple",150.00,AL,2020-09-13,2020-09-13,no
Frye,Shoes,Women,Black,118.00,PA,2020-09-13,2020-09-16,no
Tom Ford,Accessories,Women,"Black,Silver",150.00,TX,2020-08-20,2020-09-15,no
Frye,Bags,Women,Tan,70.00,TN,2020-09-05,2020-09-18,no
Frye,Bags,Women,Black,120.00,CA,2020-09-23,2020-09-23,no
Frye,Accessories,Women,Brown,25.00,OR,2019-08-22,2020-09-24,no
Frye,Shoes,Women,Black,200.00,WA,2020-09-23,2020-10-07,no
Frye,Shoes,Women,"Black,Gold",100.00,SD,2019-08-22,2020-10-22,no
Frye,Shoes,Women,White,65.00,WA,2020-10-09,2020-12-01,no
Rachel Zoe,Bags,Women,Black,80.00,NJ,2020-09-24,2021-04-25,no
Frye,Bags,Women,Brown,110.00,NY,2020-09-24,2021-05-01,no
Frye,Bags,Women,Brown,110.00,WI,2020-09-23,2021-06-01,no
Frye,Bags,Women,Brown,115.00,OR,2020-09-23,2021-06-04,no
Frye,Bags,Women,Brown,190.00,LA,2020-05-28,2021-07-08,no
Frye,Shoes,Women,Brown,30.00,CA,2020-09-13,2021-07-08,no
Miu Miu,Bags,Women,"Black,Gold",100.00,SC,2021-07-10,2021-07-16,no
Frye,Bags,Women,Brown,50.00,VA,2019-08-05,2021-07-14,no
Birdies,Shoes,Women,"Blue,Gold",65.00,CA,2020-08-08,2021-07-10,no
Frye,Bags,Women,Green,135.00,VA,2021-07-10,2021-07-18,no
Swell,Accessories,Women,Blue,22.00,RI,2020-08-05,2021-07-16,no
PIKOLINOS,Shoes,Women,Black,158.00,NJ,2021-07-10,2021-07-20,no
Frye,Bags,Women,"Brown,Gray",70.00,LA,2020-08-30,2021-07-25,no
PIKOLINOS,Shoes,Women,"Cream,Brown",50.00,UT,2020-09-04,2021-07-25,no
Kenneth Cole,Shoes,Women,Blue,35.00,FL,2020-08-04,2021-07-26,no
Aquatalia,Shoes,Women,White,60.00,MI,2021-07-11,2021-08-06,no
Frye,Bags,Women,Brown,100.00,MA,2019-09-07,2021-08-09,no
Frye,Bags,Women,Green,35.00,LA,2019-08-15,2021-08-17,no
Frye,Bags,Women,Cream,160.00,MA,2021-08-19,2021-08-19,no
Frye,Bags,Women,"Cream,Tan",125.00,OK,2021-07-13,2021-08-22,no
Zara,Jackets & Coats,Women,Black,70.00,NJ,2021-08-19,2021-08-25,no
Frye,Bags,Women,Brown,100.00,TX,2021-07-10,2021-08-24,no
Frye,Bags,Women,"Brown,Tan",145.00,TN,2021-08-10,2021-08-27,no
Frye,Bags,Women,"Brown,Gray",90.00,MO,2021-07-28,2021-08-25,no
Birdies,Shoes,Women,"Orange,White",58.00,IL,2021-08-17,2021-08-29,no
Frye,Bags,Women,Red,45.00,MD,2020-08-10,2021-08-31,no
Frye,Bags,Women,Brown,250.00,TX,2021-07-14,2021-08-30,no
Calvin Klein,Shoes,Women,"Silver,Gold",28.00,PA,2021-08-28,2021-08-29,no
Frye,Other,Home,"Brown,Silver",40.00,TX,2021-08-18,2021-08-31,no
Vionic,Shoes,Men,Black,60.00,MD,2021-08-17,2021-08-29,no
Frye,Shoes,Women,Brown,95.00,TN,2021-08-18,2021-08-30,no
Dansko,Shoes,Women,"Tan,Brown",35.00,FL,2021-08-28,2021-08-31,no
Aquatalia,Shoes,Women,Black,185.00,NY,2021-08-21,2021-09-05,no
Frye,Bags,Women,"Black,White",85.00,CO,2020-09-12,2021-09-05,no
Frye,Bags,Women,Purple,150.00,PA,2021-08-09,2021-09-04,no
Frye,Bags,Men,Brown,280.00,CO,2021-08-26,2021-09-05,no
Frye,Bags,Women,Brown,100.00,CA,2020-09-15,2021-09-05,no
Frye,Bags,Women,Brown,145.00,GA,2021-09-07,2021-09-08,no
Frye,Accessories,Women,Brown,68.00,GA,2019-08-22,2021-09-12,no
Frye,Bags,Women,Brown,170.00,NJ,2021-09-08,2021-09-16,no
Chippewa,Shoes,Men,Black,75.00,CA,2021-09-09,2021-09-16,no
Vionic,Shoes,Women,Blue,60.00,IL,2021-09-05,2021-09-21,no
Vionic,Shoes,Men,Brown,45.00,CT,2021-08-16,2021-09-23,no
Frye,Bags,Women,Black,193.00,MS,2021-08-20,2021-09-26,no
Frye,Bags,Women,Brown,200.00,KS,2021-09-07,2021-09-22,no
Aquatalia,Shoes,Men,"Tan,Brown",65.00,TX,2021-09-08,2021-09-24,no
,Accessories,Men,"Red,Yellow",28.00,CA,2021-08-17,2021-09-26,no
Reebok,Tops,Women,"Black,Gold",24.00,SC,2021-07-10,2021-09-30,no
Frye,Bags,Women,,110.00,OH,2021-07-16,2021-10-03,no
Frye,Bags,Women,Red,210.00,WI,2021-08-12,2021-09-29,no
Frye,Bags,Women,Brown,160.00,WY,2021-09-01,2021-10-02,no
Frye,Shoes,Women,Yellow,91.00,NJ,2021-09-10,2021-10-10,no
Frye,Bags,Women,Green,100.00,FL,2021-08-20,2021-10-08,no
Vionic,Shoes,Women,"Cream,Tan",78.00,ND,2021-08-20,2021-10-12,no
Patricia Nash,Shoes,Women,Brown,50.00,WI,2021-09-29,2021-10-16,no
Coach,Shoes,Women,"Silver,Gold",40.00,NC,2021-09-10,2021-10-20,no
Vionic,Shoes,Women,"Pink,Blue",60.00,MD,2021-09-24,2021-10-17,no
,Other,Home,Black,32.00,NY,2020-08-19,2021-10-19,no
Frye,Shoes,Women,Tan,50.00,GA,2021-08-08,2021-10-19,no
Vionic,Shoes,Women,Purple,42.00,WV,2021-08-17,2021-10-23,no
Frye,Bags,Women,Blue,130.00,HI,2021-08-20,2021-10-26,no
Coach,Shoes,Women,Black,70.00,DC,2021-08-25,2021-11-01,no
Calleen Cordero,Shoes,Women,"Tan,Brown",55.00,MA,2021-09-05,2021-11-08,no
Frye,Bags,Women,"Brown,Gray",80.00,GA,2020-03-29,2021-11-13,no
Frye,Bags,Women,"Black,Brown",100.00,NM,2021-09-09,2021-11-12,no
Frye,Shoes,Women,Green,133.00,MO,2021-09-24,2021-11-18,no
Frye,Bags,Women,"Gray,Brown",196.00,FL,2020-05-28,2021-11-21,no
Vionic,Shoes,Women,Black,40.00,NY,2021-09-24,2021-11-28,no
Frye,Bags,Men,"Green,Black",185.00,GA,2021-08-09,2021-12-05,no
Frye,Accessories,Women,"Black,Gray",74.00,RI,2019-08-18,2021-12-06,no
Rebecca Minkoff,Bags,Women,Black,100.00,RI,2019-09-08,2021-12-10,no
Paul Mitchell,Hair,Women,Black,8.00,MD,2020-09-13,2022-01-16,no
Frye,Shoes,Men,Brown,80.00,NY,2021-09-05,2022-02-06,no
Frye,Bags,Women,"Black,Silver",80.00,VA,2021-07-28,2022-02-27,no
PIKOLINOS,Bags,Women,Brown,150.00,WI,2021-09-01,2022-03-07,no
Frye,Shoes,Women,Brown,92.00,MD,2021-09-05,2022-03-19,no
Lewit,Shoes,Women,Yellow,58.00,TX,2021-08-31,2022-03-29,no
Coach,Jewelry,Women,"Black,Gold",36.00,NC,2021-07-21,2022-03-30,no
Frye,Shoes,Women,Brown,90.00,WA,2021-09-25,2022-04-02,no
Lewit,Shoes,Women,Pink,60.00,MS,2021-08-16,2022-04-09,no
Jimmy Choo,Shoes,Women,Black,106.00,VA,2021-09-05,2022-04-19,no
Prada,Shoes,Women,Black,110.00,CA,2021-08-14,2022-04-21,no
Frye,Shoes,Men,Brown,60.00,FL,2021-08-31,2022-05-10,no
Aquatalia,Shoes,Women,Blue,70.00,NY,2021-08-23,2022-05-19,no
Frye,Shoes,Women,"Red,Black",160.00,NY,2021-08-25,2022-05-27,no
Aquatalia,Shoes,Women,Gray,50.00,NJ,2019-08-15,2022-05-25,no
Frye,Bags,Women,Blue,185.00,UT,2021-09-09,2022-06-27,no
C. Wonder,Other,Home,"White,Gold",25.00,IL,2022-02-27,2022-07-26,no
Lewit,Shoes,Women,White,45.00,OR,2021-09-04,2022-07-30,no
Cole Haan,Shoes,Men,"Orange,Brown",24.00,ME,2021-08-17,2022-08-07,no
Frye,Shoes,Women,Brown,115.00,MO,2020-09-13,2022-08-06,no
Frye,Shoes,Women,"Brown,Tan",150.00,OH,2022-08-12,2022-08-13,no
Frye,Bags,Women,"Black,Blue",115.00,FL,2021-08-25,2022-09-19,no
Frye,Bags,Women,Brown,130.00,IL,2021-07-11,2022-10-06,no
adidas,Other,Men,"Silver,Black",25.00,OR,2022-08-28,2022-09-28,no
Frye,Shoes,Men,Tan,120.00,MN,2021-09-24,2022-10-17,no
Frye,Shoes,Men,Brown,100.00,MI,2021-08-31,2022-11-02,no
M. Gemi,Shoes,Women,Black,102.00,NY,2021-08-19,2022-10-30,no
Calvin Klein,Shoes,Women,Brown,40.00,FL,2022-08-01,2022-10-24,no
Frye,Shoes,Men,"Brown,Tan",130.00,TX,2021-08-20,2022-12-28,no
Taryn Rose,Shoes,Women,Pink,50.00,CO,2021-08-17,2023-01-26,no
Rachel Zoe,Shoes,Women,"Black,Gold",120.00,WA,2021-08-08,2023-02-26,no
Frye,Bags,Women,Red,165.00,NC,2022-01-30,2023-03-13,no
PIKOLINOS,Bags,Women,White,125.00,OH,2021-07-11,2023-03-28,no
PIKOLINOS,Shoes,Women,"Brown,White",50.00,FL,2021-07-28,2023-06-18,no
Frye,Bags,Women,"Gray,Brown",130.00,AZ,2020-09-11,2023-06-18,no
Coach,Shoes,Women,Pink,82.00,IN,2021-08-24,2023-08-07,no
Aquatalia,Shoes,Men,Gray,100.00,NY,2022-08-10,2023-10-19,no
Frye,Bags,Women,Gray,200.00,CO,2021-07-20,2024-03-15,no
Aquatalia,Shoes,Women,Black,66.00,NY,2022-08-11,2024-04-30,no
Chippewa,Shoes,Men,Green,100.00,NC,2024-06-21,2024-06-22,no
Massimo Dutti,Accessories,Women,"Yellow,Orange",30.00,FL,2023-02-20,2024-07-13,no
Frye,Bags,Women,"Blue,Red",185.00,OK,2021-09-06,2024-09-19,no
Giorgio Armani,Makeup,Women,Cream,40.00,NY,2024-11-11,2024-11-11,no
Frye,Bags,Women,"Red,Purple",130.00,NJ,2021-09-06,2024-11-11,no
Ray-Ban,Accessories,Women,"Brown,Orange",100.00,FL,2024-07-11,2024-11-12,no
,Kitchen,Home,Silver,12.00,HI,2020-08-23,2024-11-13,no
Zoo York,Sweaters,Men,"Black,White",20.00,HI,2024-11-22,2024-12-08,no
Robin Ruth,Accessories,Women,Pink,10.00,AL,2024-09-12,2024-12-11,no
Veronica Beard,Jackets & Coats,Women,"Orange,Green",115.00,PA,2023-02-22,2024-12-18,no
Frye,Shoes,Kids,Cream,50.00,WY,2022-09-11,2025-01-09,no
Frye,Bags,Women,Black,170.00,IL,2020-09-08,2025-02-01,no
Frye,Shoes,Men,,205.00,FL,2021-08-23,2025-01-30,no
Frye,Shoes,Women,Tan,175.00,CA,2025-02-09,2025-02-23,no
Frye,Shoes,Women,Black,50.00,IL,2024-11-16,2025-03-11,no
Remington,Dog,Pets,"Green,White",15.00,FL,2025-01-25,2025-03-17,no
Swatch,Accessories,Women,White,50.00,MD,2025-01-18,2025-03-25,no
Alexander McQueen,Shoes,Women,"Pink,White",200.00,FL,2021-07-23,2025-05-06,no
Frye,Bags,Women,Brown,165.00,NC,2025-03-23,2025-07-11,no
bubbletastic,Dog,Pets,Orange,30.00,TX,2024-11-30,2025-08-19,no
Frye,Shoes,Men,Brown,204.00,CO,2024-11-30,2025-08-22,no
beauty of joseon,Skincare,Women,,14.00,TX,2025-02-23,2025-09-09,no
Frye,Bags,Women,Black,160.00,TN,2024-11-15,2025-09-06,no
Frye,Bags,Women,Brown,120.00,KS,2025-09-07,2025-09-24,no
Frye,Bags,Women,"Red,Purple",140.00,LA,2022-09-15,2025-10-17,no
PIKOLINOS,Shoes,Women,Brown,62.00,CA,2022-08-13,2026-03-15,no
Coach,Shoes,Women,"Blue,Gray",40.00,NE,2025-03-03,2026-03-17,no
Oura,Wearables,Electronics,Silver,228.00,PA,2026-03-20,2026-03-27,no
Frye,Shoes,Women,Brown,134.00,WA,2021-07-17,2026-03-27,no
Taryn Rose,Shoes,Women,Blue,70.00,IL,2022-08-15,2026-04-25,no
Pantone,Other,Home,"Blue,White",345.00,CA,2025-10-15,2026-04-24,no
all in motion,Sweaters,Women,Gray,12.00,NY,2025-01-18,2026-05-08,no
PIKOLINOS,Shoes,Women,White,108.00,IL,2021-07-11,2026-05-06,no
Frye,Shoes,Women,"Brown,Gold",210.00,WA,2025-03-08,2026-05-16,no
Manolo Blahnik,Shoes,Women,Silver,128.00,FL,2026-05-31,2026-07-16,no
Commense,Dresses,Women,"Black,Cream",28.00,RI,2026-07-30,2026-08-03,no
Commense,Dresses,Women,"Black,Cream",32.00,SC,2026-07-29,2026-08-03,no
Coleman,Dog,Pets,"Red,Black",30.00,FL,2026-08-01,2026-08-13,no
due per due,Pants & Jumpsuits,Women,Purple,32.00,FL,2026-07-28,2026-08-14,no
Polo Ralph Lauren,Accessories,Women,"Yellow,Blue",29.29,IL,2026-08-16,2026-08-21,no
Polo Ralph Lauren,Accessories,Women,Blue,30.71,IL,2026-08-16,2026-08-21,no
