Poshmark Sales Report for @omclosetgalore,"","",!ambassador sue,👩🏻‍💻!
12/31/2019 - 08/30/2026
Notes:
"** Only completed sales, where you have received earnings, are shown in this file."
** Bundles are displayed as itemized listings.
"** Order price for a bundle item is the listing price, minus the bundle discount or the offer discount, if either was applied."
"** Lowest set price is the lowest historical price set by the seller, not including offer or bundle discounts."
"** Seller shipping discount for an individual bundle item is the bundle item price, divided by the total bundle price, multiplied by the seller shipping discount for the total bundle."
"** Net earnings is order price, minus the seller shipping discount, minus Poshmark fees, minus tax if applicable."
** The balance amount on this page should not be used for accounting purposes. Please refer to the 'My Balance' page to find the amount that can be used/spent/withdrawn.
"** If sales tax was collected from the buyer, it will be submitted to the state on your behalf. Please see Terms of Service for full details."
""
Listing Date,Order Date,SKU,Order Id,Listing Title,Department,Category,Subcategory,Brand,Color,Size,Bundle Order?,Offer Order,NWT,Cost Price,Order Price,Lowest Set Price,Seller Shipping Discount,Upgraded Shipping Label Fee,Packaging Fee,Hazmat Noncompliance Fee,Overweight Label Fee,Your Earnings,Buyer State,Buyer Zip Code,Buyer Username,Sales Tax (Paid by Buyer),Notes,Other Info
08/19/2019,01/16/2020,"",5e157636a1f56f001d4cc6c6,🆕 FRYE Phillip Harness Short - Black Sz 7,Women,Shoes,Ankle Boots & Booties,Frye,Black,7,N,Y,Y,"",$131.00,$188.00,$1.80,$0.00,$0.00,$0.00,$0.00,$103.00,OR,97322,brmassey11,--,,State does not currently impose a sales tax.,
09/24/2019,01/31/2020,"",5e343d2843bf4a28a25f5b68,🆕 Aquatalia Brooke Rubbed Suede - Taupe - Sz 7.5,Women,Shoes,Ankle Boots & Booties,Aquatalia,Gray,7.5,N,Y,N,"",$135.00,$200.00,$0.00,$0.00,$0.00,$0.00,$0.00,$108.00,MD,21078,delgz4t3l2pypbx,$8.10,$0.00,"",
11/03/2019,01/30/2020,"",5e33c77810258b1eb3cd98fe,🆕 Vince Camuto socks (10 pairs) wht/gry/orange,Women,Accessories,Hosiery & Socks,Vince Camuto,"White,Gray",OS,N,Y,Y,"",$4.00,$8.00,$0.00,$0.00,$0.00,$0.00,$0.00,$1.05,NY,10012,tawltawl,$0.00,$0.00,Item exempt from sales tax. Sales tax only applicable to shipping fee.,
09/08/2019,02/05/2020,"",5e3ac3bc8dc0b85402567a30,Frye Perf Tote - Red    [Like New] preowned EUC,Women,Bags,Totes,Frye,Red,OS,N,Y,N,"",$135.00,$160.00,$0.00,$0.00,$0.00,$0.00,$0.00,$108.00,RI,02832,fishworship,$9.93,$0.00,"",
08/29/2019,02/05/2020,"",5df775164d03a0eda848e21d,EUC// ELIZABETH & JAMES - Houston Aviator Shades,Women,Accessories,Sunglasses,Elizabeth and James,Brown,OS,N,Y,N,"",$35.00,$56.00,$0.00,$0.00,$0.00,$0.00,$0.00,$28.00,NY,11104,odalyssees,$3.72,$0.00,"",
08/05/2019,02/06/2020,"",5e3ca39bf2658b64aa273bd6,Pikolinos Calabria In Marfil (cream) Sz 38,Women,Shoes,Flats & Loafers,PIKOLINOS,Cream,8,N,Y,N,"",$42.00,$72.00,$0.00,$0.00,$0.00,$0.00,$0.00,$33.60,NY,11378,alecallejas1,$0.00,$0.00,This sale is exempt from sales tax.,
10/23/2019,02/21/2020,"",5e4ffdc2151ccd4d8a083361,🆕 Harry Potter Magnet set,Home,Office,"",Warner Bros.,White,OS,N,N,Y,"",$13.00,$13.00,$0.00,$0.00,$0.00,$0.00,$0.00,$10.05,OH,44023,ktgiancola506,$0.88,$0.00,"",
09/22/2019,02/23/2020,"",5e534f0d8ad6bb601acfcda2,Frye Harness Wallet - Black,Women,Bags,Wallets,Frye,Black,OS,N,Y,N,"",$55.00,$90.00,$0.00,$0.00,$0.00,$0.00,$0.00,$44.00,PA,19541,dagmcgraw24,$3.73,$0.00,"",
09/08/2019,02/27/2020,"",5e58747f993a0dcc709c0640,Prada Zip around/snap button closure Wallet- BLACK,Women,Bags,Wallets,Prada,Black,OS,N,Y,N,"",$160.00,$210.00,$0.00,$0.00,$0.00,$0.00,$0.00,$128.00,NJ,07430,katskeeps029,$11.07,$0.00,"",
02/16/2020,03/03/2020,"",5e5f27c58ad6bbdf341d6172,Carbon38 Padang Leggings // Red Dahlia // Small,Women,Pants & Jumpsuits,Leggings,Carbon38,Red,S,N,Y,N,"",$55.00,$75.00,$0.00,$0.00,$0.00,$0.00,$0.00,$44.00,IL,60647,a_rieb,$3.88,$0.00,"",
09/23/2019,03/09/2020,"",5e667d7388889ac87a150e29,🆕 Pikolinos Cadaques - brandy - Sz 37,Women,Shoes,Sandals,PIKOLINOS,Brown,7,N,Y,Y,"",$85.00,$110.00,$7.11,$0.00,$0.00,$0.00,$0.00,$60.89,CO,80118,cdemoye,$3.41,$0.00,"",""
02/19/2020,03/08/2020,"",5e658ca153f5e77c3fd33d93,🆕 nwt Christian Louboutin zoompouch studded-IVORY,Women,Bags,Crossbody Bags,Christian Louboutin,Cream,OS,N,Y,Y,"",$740.00,$868.00,$0.00,$0.00,$0.00,$0.00,$0.00,$592.00,NY,13041,tonyaj73,$59.20,$0.00,"",
02/26/2020,03/23/2020,"",5e78e71af247f3b82dd84123,"Valentino Garavani Rockstud Espadrille, Sz 38 BLK",Women,Shoes,Espadrilles,Valentino Garavani,Black,8,N,Y,N,"",$300.00,$498.00,$0.00,$0.00,$0.00,$0.00,$0.00,$240.00,LA,70130,lheber8,$25.35,$0.00,"",
09/24/2019,03/23/2020,"",5e796ee4600ebc92f0a05eda,🆕 AFA Black Hat - Adidas Sport flat brim NWT,Men,Accessories,Hats,adidas,Black,OS,N,Y,Y,"",$12.00,$25.00,$0.00,$0.00,$0.00,$0.00,$0.00,$9.05,NJ,07869,andresbrandon,$0.00,$0.00,This sale is exempt from sales tax.,
10/10/2019,03/25/2020,"",5e7c1f87e2e05739c3dba722,"Free People Lace Halter Bralette - green, Medium",Women,Intimates & Sleepwear,Bras,Free People,Green,M,N,Y,N,"",$12.00,$16.00,$2.12,$0.00,$0.00,$0.00,$0.00,$6.93,CA,93110,delij13nz4gfaa5,$0.93,$0.00,"",
09/24/2019,03/29/2020,"",5e80683574af47c5dd95a10a,"🆕 Kelsi Dagger Crossbody (yllw, gry, Blo, wht)",Women,Bags,Crossbody Bags,Kelsi Dagger,"Brown,Yellow",OS,N,Y,N,"",$30.00,$39.00,$7.11,$0.00,$0.00,$0.00,$0.00,$16.89,CA,94541,ashearer22,$2.93,$0.00,"",
10/20/2019,04/22/2020,"",5ea0ea43c0c9d357f440931d,"🆕 Copper Fit slide, white, Sz 7",Men,Shoes,Sandals & Flip-Flops,Copper Fit,White,7,N,N,Y,"",$20.00,$20.00,$0.00,$0.00,$0.00,$0.00,$0.00,$16.00,IL,62946-5602,betsy8486,$1.69,$0.00,"",
08/28/2019,05/09/2020,"",5eb72013468232ff90e96d3c,EUC C. Wonder round toe chunky heel leopard Sz 7.5,Women,Shoes,Heels,C. Wonder,"Black,Yellow",7.5,N,N,N,"",$46.00,$46.00,$0.00,$0.00,$0.00,$0.00,$0.00,$36.80,AR,72023,janetbb,$5.04,$0.00,"",
05/17/2020,05/18/2020,"",5ec34ea3509fa8d0beabcb8a,🆕WOB Frye Melissa Slim Leather Wallet - Beige,Women,Bags,Wallets,Frye,"Cream,Tan",OS,N,N,N,"",$100.00,$100.00,$0.00,$0.00,$0.00,$0.00,$0.00,$80.00,FL,32433,virgo9776,--,,State does not currently impose a sales tax.,
05/01/2020,05/15/2020,"",5ebf58e090476af4a77efd07,Frye Melissa Whipstitch Crossbody - beige (tan),Women,Bags,Crossbody Bags,Frye,"Cream,Tan",OS,N,Y,N,"",$110.00,$130.00,$0.00,$0.00,$0.00,$0.00,$0.00,$88.00,CA,95821,peri101010,$8.53,$0.00,"",
10/15/2019,05/27/2020,"",5ecd2e50208ccf3786c1bbd5,"(OBO) Gap wooden clog style heel - brown, Sz 7",Women,Shoes,Heels,GAP,Brown,7,N,N,N,"",$21.00,$20.00,$0.00,$0.00,$0.00,$0.00,$0.00,$16.80,PA,19144,robertaplus6,$0.00,$0.00,This sale is exempt from sales tax.,""
08/15/2019,05/27/2020,"",5ecf4a5490476aeec199973a,Castañer x Aquatalia Platform Crisscross Sandal 37,Women,Shoes,Platforms,Aquatalia,"Blue,Orange",7,N,Y,N,"",$49.00,$64.00,$0.00,$0.00,$0.00,$0.00,$0.00,$39.20,TX,78703,cdiamand,$4.62,$0.00,"",
05/26/2020,05/28/2020,"",5ecfdfeb9ad46625cad8257e,🆕Frye Melissa Slim Wallet -brown,Women,Bags,Wallets,Frye,Brown,OS,N,Y,N,"",$80.00,$100.00,$0.00,$0.00,$0.00,$0.00,$0.00,$64.00,NC,27527,dhacopy,$5.88,$0.00,"",
05/14/2020,05/27/2020,"",5ece5c8a0bee621c4227b28f,Frye leather Casey Wallet - Fatigue (green) (obo),Women,Bags,Wallets,Frye,Green,OS,N,Y,N,"",$85.00,$98.00,$0.00,$0.00,$0.00,$0.00,$0.00,$68.00,OH,45431,purdins,$6.22,$0.00,"",
09/13/2019,06/03/2020,"",5ed7d0b78ad6bbb5f421b563,"EUC MARC By Marc Jacobs Tote - Black, white letter",Women,Bags,Totes,Marc By Marc Jacobs,"Black,White",OS,N,Y,N,"",$65.00,$106.00,$0.00,$0.00,$0.00,$0.00,$0.00,$52.00,NJ,08536,caloi86,$4.78,$0.00,"",""
09/16/2019,06/06/2020,"",5edbf25f8ad6bb9fe5476d04,"(EUC) Pikolinos Ordino Suede Shootie, Brown, Sz 37",Women,Shoes,Ankle Boots & Booties,PIKOLINOS,Brown,7,N,Y,N,"",$47.00,$81.00,$0.00,$0.00,$0.00,$0.00,$0.00,$37.60,OH,45229,amandawg14,$3.79,$0.00,"",
06/02/2020,06/06/2020,"",5edb55e17a2502753541c0ca,🆕MAC bestseller Pro Longwear Fluidline BlackTrack,Women,Makeup,Eyeliner,MAC Cosmetics,Black,OS,N,Y,Y,"",$12.00,$14.00,$2.12,$0.00,$0.00,$0.00,$0.00,$6.93,CA,92833,ewoking84,$0.93,$0.00,"",
04/28/2020,06/09/2020,"",5ee03a3b99a63a2f272b7c6e,"Katy Perry ‘The Betsy’ Slide, Sz 7 -red blue multi",Women,Shoes,Sandals,Katy Perry Collections,"Red,Blue",7,N,Y,N,"",$20.00,$30.00,$0.00,$0.00,$0.00,$0.00,$0.00,$16.00,MN,56442,channyb1020,$0.00,$0.00,This sale is exempt from sales tax.,
05/17/2020,06/10/2020,"",5ee1c3fd93a1e9686cee2737,🆕WOB Frye Melissa L Zip Wallet - moss (dark grn),Women,Bags,Wallets,Frye,"Green,Black",OS,N,Y,N,"",$76.00,$105.00,$2.12,$0.00,$0.00,$0.00,$0.00,$58.68,TX,77346,libbynepivoda,$5.87,$0.00,"",
06/11/2020,06/11/2020,"",5ee2de5699a63ab3953fb2dc,COPY - Tahari Lace pocket jumpsuit - white,Women,Pants & Jumpsuits,Jumpsuits & Rompers,Tahari,White,6,N,Y,N,"",$45.00,$67.00,$0.00,$0.00,$0.00,$0.00,$0.00,$36.00,CT,06066,hokansonemily,$3.31,$0.00,"",
06/26/2020,06/26/2020,"",5ef6d5b122e49f5c2b396010,Frye Alexis Slip On Sneaker - Black - Sz 7,Women,Shoes,Athletic Shoes,Frye,Black,7,N,Y,N,"",$60.00,$118.00,$0.00,$0.00,$0.00,$0.00,$0.00,$48.00,TX,79424,nigar_s,$5.54,$0.00,"",
05/05/2020,06/26/2020,"",5ef6bf304a83e22bb1d73fe1,Frye Melissa Mini Saddle crossbody  - dark brown,Women,Bags,Crossbody Bags,Frye,Brown,OS,N,Y,N,"",$60.00,$100.00,$0.00,$0.00,$0.00,$0.00,$0.00,$48.00,SC,29560,dculick,$5.37,$0.00,"",
11/03/2019,07/13/2020,"",5f0d23f172c246f47787175b,🆕Timberland men’s socks (3 pairs) BLK/gry Sz 7-10,Men,Underwear & Socks,Casual Socks,Timberland,"Black,Gray",OS,N,N,Y,"",$7.00,$7.00,$0.00,$0.00,$0.00,$0.00,$0.00,$4.05,GA,30047,the_fabricator,$0.84,$0.00,"",
03/10/2019,07/29/2020,"",5f2182a5afe96bb792c891f2,"Calvin Klein open toe pumps, black, Sz 7.5",Women,Shoes,Heels,Calvin Klein,Black,7.5,N,Y,N,"",$12.00,$22.00,$2.12,$0.00,$0.00,$0.00,$0.00,$6.93,CA,93307,mustlovecouture,$0.99,$0.00,"",
07/17/2020,08/01/2020,"",5f25d7c57457adba6d2609c6,Alterna Hemp Hair Shine spray,Women,Hair,Styling,Alterna,Orange,OS,N,N,N,"",$50.00,$50.00,$0.00,$0.00,$0.00,$0.00,$0.00,$40.00,WI,53029,mzmax1313,$2.86,$0.00,"",
08/01/2020,08/09/2020,"",5f308e014ef56291f142fcc0,🆕Sharper Image Shiatsu Massage Pillow with Heat,Women,Accessories,"",Sharper Image,Gray,OS,N,N,Y,"",$45.00,$45.00,$0.00,$0.00,$0.00,$0.00,$0.00,$36.00,PA,18018,delvxv85iexhyfg,$3.13,$0.00,"",
07/03/2020,08/09/2020,"",5f309dd9b82990ec64e59421,🆕Onzie Skull Capri Pant Sz S/M & Sz L for sale,Women,Pants & Jumpsuits,Leggings,Onzie,"Black,White",S/M,N,Y,Y,"",$35.00,$35.00,$0.00,$0.00,$0.00,$0.00,$0.00,$28.00,TX,75067,lori0406,$0.00,$0.00,This sale is exempt from sales tax.,
09/22/2019,08/13/2020,"",5f35868ed08270e2f6a61e5f,MICHAEL - Michael Kors -Miami Sunglasses - Brown,Women,Accessories,Sunglasses,MICHAEL Michael Kors,"Brown,Gold",OS,N,Y,N,"",$25.00,$45.00,$0.00,$0.00,$0.00,$0.00,$0.00,$20.00,IL,60174,kimmi2526,$2.00,$0.00,"",
08/09/2020,08/21/2020,"",5f3fe36d22e49f2cefe59c43,Pikolinos Sagunto Inside ZIP - Black Sz 38,Women,Shoes,Heeled Boots,PIKOLINOS,Black,7,N,Y,N,"",$70.00,$95.00,$0.00,$0.00,$0.00,$0.00,$0.00,$56.00,IN,46237,sandia39,$4.90,$0.00,"",
07/25/2020,08/25/2020,"",5f45a6eb4220b51c314798ba,🆕Onzie High Rose Legging - Leopard - M/L,Women,Pants & Jumpsuits,Leggings,Onzie,"Brown,Tan",M/L,N,Y,Y,"",$45.00,$55.00,$7.11,$0.00,$0.00,$0.00,$0.00,$28.89,CA,91607,mab28,$4.27,$0.00,"",
08/15/2020,08/24/2020,"",5f4463f451638bfd7c4ac552,Frye Ilana Short - Blk sz 7.5,Women,Shoes,Heeled Boots,Frye,Black,7.5,N,N,N,"",$118.00,$118.00,$0.00,$0.00,$0.00,$0.00,$0.00,$94.40,CA,95959,cosmomosis,$8.86,$0.00,"",
05/17/2020,08/28/2020,"",5f49ad1371b5364dedb10df7,Kate Spade Monteclaire Embroidered Mule - Sz 7.5,Women,Shoes,Mules & Clogs,kate spade,"White,Pink",7.5,N,Y,N,"",$65.00,$128.00,$0.00,$0.00,$0.00,$0.00,$0.00,$52.00,PA,19127,quaileggs,$0.00,$0.00,This sale is exempt from sales tax.,
06/20/2020,09/02/2020,"",5f4f8976afe96b19cc778d94,"Rachel Zoe suede ankle wrap heel sandal, purple, 7",Women,Shoes,Sandals,Rachel Zoe,"Purple,Gold",7,N,Y,N,"",$45.00,$68.00,$7.11,$0.00,$0.00,$0.00,$0.00,$28.89,NY,11510,mpestanas,$2.08,$0.00,"",
05/28/2020,09/06/2020,"",5f54d641d872b42dd8b1e862,Frye Melissa Tote - moss(dark green-unreleased)OBO,Women,Bags,Totes,Frye,"Black,Brown",OS,N,Y,N,"",$138.00,$202.00,$7.11,$0.00,$0.00,$0.00,$0.00,$103.29,IL,60517,delh8kpvgy5me9q,$8.63,$0.00,"",
08/31/2019,09/06/2020,"",5f54c0b6b9190e2cbcfc1dc3,"EUC Pikolinos Baeza Sneaker, Sz 37, Nata (cream)",Women,Shoes,Sneakers,PIKOLINOS,"Cream,Red",7,N,Y,N,"",$40.00,$82.00,$7.11,$0.00,$0.00,$0.00,$0.00,$24.89,OR,97051,elh2m82,--,,State does not currently impose a sales tax.,
08/28/2019,09/12/2020,"",5f5d8b0d7176609331f6dbbd,"🆕 FRYE Deborah Lug Short -APU, Camel, Sz 7.5",Women,Shoes,Ankle Boots & Booties,Frye,Brown,7.5,N,Y,Y,"",$130.00,$227.00,$0.00,$0.00,$0.00,$0.00,$0.00,$104.00,SC,29108,ahamilton1992,$9.60,$0.00,"",
09/10/2020,09/11/2020,"",5f5b9ca8ca866430dbaff534,Frye Tassle Tote - Whiskey (Brown color),Women,Bags,Totes,Frye,Brown,OS,N,Y,N,"",$130.00,$200.00,$0.00,$0.00,$0.00,$0.00,$0.00,$104.00,SC,29108,ahamilton1992,$9.60,$0.00,"",
08/29/2019,09/14/2020,"",5f5ffd936ab2f46866104186,PIKOLINOS Passport Holder (new condition/nwot),Women,Other,"",PIKOLINOS,"Red,Brown",OS,N,Y,N,"",$30.00,$63.00,$7.11,$0.00,$0.00,$0.00,$0.00,$16.89,FL,34711,osprey0402,--,,State does not currently impose a sales tax.,
03/27/2020,09/13/2020,"",5f5e19964e46e1459549c2c8,NWOT Frye Ilana Western Harness SM Xbody - Grey,Women,Bags,Crossbody Bags,Frye,Gray,OS,N,Y,N,"",$90.00,$148.00,$0.00,$0.00,$0.00,$0.00,$0.00,$72.00,PA,17402,crice002,$5.83,$0.00,"",
08/31/2020,09/13/2020,"",5f5eeaa94e46e16b24baac5c,Tous Silver Bear Pendant Leather choker,Women,Jewelry,Necklaces,Tous,"Silver,Black",OS,N,Y,N,"",$50.00,$100.00,$0.00,$0.00,$0.00,$0.00,$0.00,$40.00,CA,95357,ericagomez1173,$3.94,$0.00,"",
09/13/2020,09/13/2020,"",5f5ee904e80523054c108811,🆕Frye Jenny Backpack/Shoulder - Drk Brown (NWT),Women,Bags,"",Frye,"Brown,Purple",OS,N,Y,Y,"",$150.00,$190.00,$0.00,$0.00,$0.00,$0.00,$0.00,$120.00,AL,36301,jmcclurern,$12.00,$0.00,"",
09/13/2020,09/16/2020,"",5f6253c3717660153fe020c6,"🆕Frye Tate Chelsea, Black, sz 7.5",Women,Shoes,Ankle Boots & Booties,Frye,Black,7.5,N,Y,Y,"",$118.00,$170.00,$7.11,$0.00,$0.00,$0.00,$0.00,$87.29,PA,19148,murran,$0.00,$0.00,This sale is exempt from sales tax.,
08/20/2020,09/15/2020,"",5f60fce08a92fb0909ec9386,Tom Ford Jennifer (199) Sunglasses - Blk Smoke Gry,Women,Accessories,Sunglasses,Tom Ford,"Black,Silver",OS,N,Y,N,"",$150.00,$162.00,$0.00,$0.00,$0.00,$0.00,$0.00,$120.00,TX,78738,debnev,$12.97,$0.00,"",
09/05/2020,09/18/2020,"",5f659f260f00c387680463b7,"Frye Ilana Saddle Crossbody, Tan",Women,Bags,Crossbody Bags,Frye,Tan,OS,N,Y,N,"",$70.00,$140.00,$0.00,$0.00,$0.00,$0.00,$0.00,$56.00,TN,37924,melialougheed,--,,State does not currently impose a sales tax.,
09/23/2020,09/23/2020,"",5f6bcc67584b3df20ad02ffc,Frye Selena crossbody - black,Women,Bags,Crossbody Bags,Frye,Black,OS,N,Y,N,"",$120.00,$135.00,$0.00,$0.00,$0.00,$0.00,$0.00,$96.00,CA,92064,startover09,$9.30,$0.00,"",
08/22/2019,09/24/2020,"",5f6d1bc623ff46a9c76d67a7,🆕 FRYE Cameron IPad Sleeve - Dark Brown,Women,Accessories,Tablet Cases,Frye,Brown,OS,N,Y,Y,"",$25.00,$25.00,$0.00,$0.00,$0.00,$0.00,$0.00,$20.00,OR,97435,juliamarie1939,--,,State does not currently impose a sales tax.,
09/23/2020,10/07/2020,"",5f7eb10ab81de76ddcb49305,"🆕FRYE Flynn Mid Pull on, blk Sz 8",Women,Shoes,Heeled Boots,Frye,Black,8,N,Y,Y,"",$200.00,$210.00,$0.00,$0.00,$0.00,$0.00,$0.00,$160.00,WA,98221,delpqscnt6vtrxk,$17.60,$0.00,"",
08/22/2019,10/22/2020,"",5f915e2c3169b2bea458628c,FRYE x COACH Veronica Short Stnwsh BLK/GOLD Sz 7.5,Women,Shoes,Combat & Moto Boots,Frye,"Black,Gold",7.5,N,Y,N,"",$100.00,$106.00,$0.00,$0.00,$0.00,$0.00,$0.00,$80.00,SD,57701,ksturze,$6.96,$0.00,"",
10/09/2020,12/01/2020,"",5fc6c4c833f26fd19e57543e,"Frye Kelly front zip boots, white, sz 6",Women,Shoes,Ankle Boots & Booties,Frye,White,6,N,Y,N,"",$65.00,$80.00,$0.00,$0.00,$0.00,$0.00,$0.00,$52.00,WA,99301,anorajane13,$5.78,$0.00,"",
09/24/2020,04/25/2021,"",60853d5c20fc70548b1cc06a,"Rachel Zoe Leather Morrison Satchel, blk",Women,Bags,Satchels,Rachel Zoe,Black,OS,N,Y,N,"",$80.00,$100.00,$0.00,$0.00,$0.00,$0.00,$0.00,$64.00,NJ,07712,elizabeth07003,$5.79,$0.00,"",
09/24/2020,05/01/2021,"",608d7cdc8be9136b82c0dbe3,Frye Sophie leather satchel - brown,Women,Bags,Satchels,Frye,Brown,OS,N,Y,N,"",$110.00,$180.00,$0.00,$0.00,$0.00,$0.00,$0.00,$88.00,NY,13021-4152,barnes5shopping,$9.40,$0.00,"",
09/23/2020,06/01/2021,"",60b6c216a82973bbe717c928,🆕Frye Selena Crossbody - chocolate,Women,Bags,Crossbody Bags,Frye,Brown,OS,N,Y,Y,"",$110.00,$175.00,$0.00,$0.00,$0.00,$0.00,$0.00,$88.00,WI,53092,filly2,$6.46,$0.00,"",
09/23/2020,06/04/2021,"",60ba5f0493a1e9271859b6ff,Frye Layla Concho crossbody -charcoal (gry/Brn),Women,Bags,Crossbody Bags,Frye,Brown,OS,N,Y,N,"",$115.00,$149.00,$0.00,$0.00,$0.00,$0.00,$0.00,$92.00,OR,97527,gritsngrace,--,,State does not currently impose a sales tax.,
05/28/2020,07/08/2021,"",60e7150d00b70dfa478b00a1,Frye Naomi Pickstitch Hobo - whiskey (brown),Women,Bags,Hobos,Frye,Brown,OS,N,Y,N,"",$190.00,$271.00,$7.45,$0.00,$0.00,$0.00,$0.00,$144.55,LA,70005,smpersigo,$17.49,$0.00,"",
09/13/2020,07/08/2021,"",60e75ab23751f53e5b0533e3,"Frye Carson Ankle Zip, Cognac (brown), sz 7",Women,Shoes,Sandals,Frye,Brown,7,N,Y,N,"",$30.00,$78.00,$0.00,$0.00,$0.00,$0.00,$0.00,$24.00,CA,92024,rcs1111,$2.33,$0.00,"",
07/10/2021,07/16/2021,"",60f1a1294e46e18bb25246db,Miu Miu Satchel/Crossbody Black/gold,Women,Bags,Satchels,Miu Miu,"Black,Gold",OS,N,Y,N,"",$100.00,$190.00,$7.45,$0.00,$0.00,$0.00,$0.00,$72.55,SC,29204,selwa87,$8.00,$0.00,"",
08/05/2019,07/14/2021,"",60efc10502bcafb842fd5127,Frye Michelle Crossbody In Dark Brown (like new),Women,Bags,Crossbody Bags,Frye,Brown,OS,N,Y,N,"",$50.00,$108.00,$0.00,$0.00,$0.00,$0.00,$0.00,$40.00,VA,24060,lulu_link,$2.65,$0.00,"",
08/08/2020,07/10/2021,"",60e9e527581a63df973edd8c,Birdies gold metallic flats Sz 7,Women,Shoes,Flats & Loafers,Birdies,"Blue,Gold",7,N,Y,N,"",$65.00,$100.00,$7.45,$0.00,$0.00,$0.00,$0.00,$44.55,CA,95119,jdelfava,$6.09,$0.00,"",
07/10/2021,07/18/2021,"",60f4bcc6e1d99046df0f68ce,Frye Adeline Tote - Fatigue (green),Women,Bags,Totes,Frye,Green,OS,N,Y,N,"",$135.00,$180.00,$7.45,$0.00,$0.00,$0.00,$0.00,$100.55,VA,23464,jmc3388,$8.11,$0.00,"",
08/05/2020,07/16/2021,"",60f247bff9de513cae6abd11,🆕Swell Aquamarine 17oz (stone collection) bottle,Women,Accessories,"",Swell,Blue,OS,N,Y,Y,"",$22.00,$35.00,$0.00,$0.00,$0.00,$0.00,$0.00,$17.60,RI,02806,anw515,$2.06,$0.00,"",
07/10/2021,07/20/2021,"",60f6cd3a0bee62f11bb9a1b8,"🆕Pikolinos Sagunto Laceup/Zip, BLK, sz 37",Women,Shoes,Heeled Boots,PIKOLINOS,Black,7,N,N,N,"",$158.00,$158.00,$7.45,$0.00,$0.00,$0.00,$0.00,$118.95,NJ,07605,juliam0m,$0.00,$0.00,This sale is exempt from sales tax.,
08/30/2020,07/25/2021,"",60fcef7bef34d314330e9d7c,Frye Casey Tote - charcoal,Women,Bags,Totes,Frye,"Brown,Gray",OS,N,Y,N,"",$70.00,$120.00,$2.46,$0.00,$0.00,$0.00,$0.00,$53.54,LA,71403,delmhp1wgn983lw,$5.92,$0.00,"",
09/04/2020,07/25/2021,"",60fe2435a00e17a9be9e44bb,"🆕Pikolinos Modena, Nata (Cream/Beige), sz 37",Women,Shoes,Sneakers,PIKOLINOS,"Cream,Brown",7,N,Y,Y,"",$50.00,$81.00,$0.00,$0.00,$0.00,$0.00,$0.00,$40.00,UT,84092,sicelybuxton,$3.63,$0.00,"",
08/04/2020,07/26/2021,"",60ff6a01cdb4787a39f6346c,Kenneth Cole - Odette - Navy Blue - Sz 8,Women,Shoes,Wedges,Kenneth Cole,Blue,8,N,Y,N,"",$35.00,$51.00,$7.45,$0.00,$0.00,$0.00,$0.00,$20.55,FL,34990,fountainww,$2.28,$0.00,"",
07/11/2021,08/06/2021,"",610d466d3169b21571015f77,"🆕Aquatalia Avery Embossed Sneakers, White, sz 7.5",Women,Shoes,Sneakers,Aquatalia,White,7.5,N,Y,Y,"",$60.00,$122.00,$0.00,$0.00,$0.00,$0.00,$0.00,$48.00,MI,49022,abonmarche,$4.05,$0.00,"",
09/07/2019,08/09/2021,"",61112d93727b3ee19b9dc67f,Frye Campus Passport Wallet - Walnut (never used),Women,Bags,Wallets,Frye,Brown,OS,N,N,N,"",$100.00,$100.00,$0.00,$0.00,$0.00,$0.00,$0.00,$80.00,MA,02474,jpstanton43,$6.25,$0.00,"",
08/15/2019,08/17/2021,"",611b978a02c187a4905dbcb0,Frye Saddle Button Crossbody - Light Green,Women,Bags,Crossbody Bags,Frye,Green,OS,N,Y,N,"",$35.00,$77.00,$2.46,$0.00,$0.00,$0.00,$0.00,$25.54,LA,71360,zeepaardje,$3.49,$0.00,"",
08/19/2021,08/19/2021,"",611effdf468232e3abdd15e7,"Frye Sophie Crossbody, Natural",Women,Bags,Crossbody Bags,Frye,Cream,OS,N,N,N,"",$160.00,$160.00,$7.45,$0.00,$0.00,$0.00,$0.00,$120.55,MA,02780,cserpa8,$10.00,$0.00,"",
07/13/2021,08/22/2021,"",6122f7be93a1e96dc61c4e4a,NEW Frye Melissa Camera Crossbody - Beige,Women,Bags,Crossbody Bags,Frye,"Cream,Tan",OS,N,Y,N,"",$125.00,$170.00,$2.46,$0.00,$0.00,$0.00,$0.00,$97.54,OK,73566,ninakaynel,$11.26,$0.00,"",
08/19/2021,08/25/2021,"",6126d44aafe96b11ae4318f7,"🆕Zara Faux Fur Biker Jacket, BLACK, Med",Women,Jackets & Coats,Leather Jackets,Zara,Black,M,N,Y,Y,"",$70.00,$120.00,$7.45,$0.00,$0.00,$0.00,$0.00,$48.55,NJ,07760,schwebzy,$0.00,$0.00,This sale is exempt from sales tax.,
07/10/2021,08/24/2021,"",61252dece0b7c74ecd6a244f,"Frye Melissa Snap Button Wallet - small, Dk Brwn",Women,Bags,Wallets,Frye,Brown,OS,N,N,N,"",$100.00,$100.00,$2.46,$0.00,$0.00,$0.00,$0.00,$77.54,TX,79756,wandanelms,$7.61,$0.00,"",
08/10/2021,08/27/2021,"",612945833a1c12d85a16e5a9,Frye Ilana Tote - Cognac,Women,Bags,Totes,Frye,"Brown,Tan",OS,N,Y,N,"",$145.00,$208.00,$7.45,$0.00,$0.00,$0.00,$0.00,$108.55,TN,37709,klhurst,$14.14,$0.00,"",
07/28/2021,08/25/2021,"",6126d43521dac713224f0671,Frye Melissa Double Zip Crossbody - Slate,Women,Bags,Crossbody Bags,Frye,"Brown,Gray",OS,N,Y,N,"",$90.00,$150.00,$7.45,$0.00,$0.00,$0.00,$0.00,$64.55,MO,64055,debbiejwilson,--,,State does not currently impose a sales tax.,
08/17/2021,08/29/2021,"",612c0046528779452253f4af,"🆕wob Birdies Horse/fur slide, wht/orange, Sz 6",Women,Shoes,Mules & Clogs,Birdies,"Orange,White",6,N,Y,N,"",$58.00,$85.00,$7.45,$0.00,$0.00,$0.00,$0.00,$38.95,IL,60622,sundownd,$5.96,$0.00,"",
08/10/2020,08/31/2021,"",612e8144ca8664d3f30c2a81,Frye Anna cosmetic/toiletry bag - Red,Women,Bags,Cosmetic Bags & Cases,Frye,Red,OS,N,Y,N,"",$45.00,$90.00,$0.00,$0.00,$0.00,$0.00,$0.00,$36.00,MD,21919,stippy134,$2.70,$0.00,"",
07/14/2021,08/30/2021,"",612d2bf9528779880fd37620,Frye Melissa Satchel/Cognac (pic w/model not sale),Women,Bags,Satchels,Frye,Brown,OS,N,Y,N,"",$250.00,$278.00,$2.46,$0.00,$0.00,$0.00,$0.00,$197.54,TX,76537,casey_lynn4517,$21.04,$0.00,"",
08/28/2021,08/29/2021,"",612c39b56afdc3f519a02c3b,"Calvin Klein Heel sandal, silver/gold, Sz 6",Women,Shoes,Sandals,Calvin Klein,"Silver,Gold",6,N,Y,N,"",$28.00,$45.00,$1.50,$0.00,$0.00,$0.00,$0.00,$20.90,PA,15062,ambassadorusa,$0.00,$0.00,This sale is exempt from sales tax.,
08/18/2021,08/31/2021,"",612ec9353169b23fd842837c,🆕Frye Travel Flask // redwood (great gift!),Home,Other,"",Frye,"Brown,Silver",OS,N,Y,Y,"",$40.00,$50.00,$7.45,$0.00,$0.00,$0.00,$0.00,$24.55,TX,75476,skyygirl,$2.70,$0.00,"",
08/17/2021,08/29/2021,"",612b83714ef5625407e670ec,"🆕Vionic Mason driving mic, Sz 9, black",Men,Shoes,Loafers & Slip-Ons,Vionic,Black,9,N,Y,N,"",$60.00,$70.00,$0.00,$0.00,$0.00,$0.00,$0.00,$48.00,MD,21076,eallen4414,$3.60,$0.00,"",
08/18/2021,08/30/2021,"",612d2c7323ff46072d010a79,"🆕wob Frye Kelly Combat Inside Zip, Brown, Sz 6",Women,Shoes,Combat & Moto Boots,Frye,Brown,6,N,Y,N,"",$95.00,$120.00,$7.45,$0.00,$0.00,$0.00,$0.00,$68.55,TN,37923,amyhuskey,$8.79,$0.00,"",
08/28/2021,08/31/2021,"",612edbb993a1e91ae9b22b6f,"🆕wob Dansko embroidery clog, brown, Sz 37",Women,Shoes,Mules & Clogs,Dansko,"Tan,Brown",37EU,N,Y,N,"",$35.00,$50.00,$1.50,$0.00,$0.00,$0.00,$0.00,$26.50,FL,34142,mcurtright123,$2.87,$0.00,"",
08/21/2021,09/05/2021,"",613534a5a00e17711a922cd5,"🆕Aquatalia Gisele OTK Boot, 11, BLK",Women,Shoes,Over the Knee Boots,Aquatalia,Black,11,N,Y,N,"",$185.00,$230.00,$0.00,$0.00,$0.00,$0.00,$0.00,$148.00,NY,10029,calmallama,$17.09,$0.00,"",
09/12/2020,09/05/2021,"",61339da32acc7393e78ce937,Frye Carson Tote - blk/white,Women,Bags,Totes,Frye,"Black,White",OS,N,Y,N,"",$85.00,$128.00,$1.50,$0.00,$0.00,$0.00,$0.00,$66.50,CO,80113,laurie_m,$6.60,$0.00,"",
08/09/2021,09/04/2021,"",6128eac4e805235a26c16ab6,💫🌟HP ITEM!💫⭐️ 🥳 🆕Frye Melissa Hobo - wine,Women,Bags,Hobos,Frye,Purple,OS,N,Y,N,"",$150.00,$210.00,$0.00,$0.00,$0.00,$0.00,$0.00,$120.00,PA,16105,jslinn100,$9.00,$0.00,"",
08/26/2021,09/05/2021,"",6135a1b3aa5427be45cb605e,"🆕Frye Logan Backpack, cognac",Men,Bags,Backpacks,Frye,Brown,OS,N,Y,Y,"",$280.00,$350.00,$1.50,$0.00,$0.00,$0.00,$0.00,$222.50,CO,80538,xbones_n_caviar,$18.76,$0.00,"",
09/15/2020,09/05/2021,"",61357ae15c6ef6b596db74a9,"🆕Frye Melissa Mini Whipstitch Saddle, Cognac",Women,Bags,Crossbody Bags,Frye,Brown,OS,N,Y,Y,"",$100.00,$168.00,$0.00,$0.00,$0.00,$0.00,$0.00,$80.00,CA,95404,christmasnoel,$9.25,$0.00,"",
09/07/2021,09/08/2021,"",613968a7584b3d14ddd7014d,Frye Melissa Hobo - Cognac,Women,Bags,Hobos,Frye,Brown,OS,N,Y,N,"",$145.00,$195.00,$1.50,$0.00,$0.00,$0.00,$0.00,$114.50,GA,30728,mwmwmw123,$12.08,$0.00,"",
08/22/2019,09/12/2021,"",613ec282a1d413d0c84ed959,🆕 FRYE Cameron IPad Sleeve - Dark Brown,Women,Accessories,Tablet Cases,Frye,Brown,OS,N,N,Y,"",$68.00,$68.00,$7.45,$0.00,$0.00,$0.00,$0.00,$46.95,GA,30121,kuklakimu,$4.76,$0.00,"",
09/08/2021,09/16/2021,"",61435462fdea1b82d7fc4538,Frye Melissa Hobo - Cognac,Women,Bags,Hobos,Frye,Brown,OS,N,Y,N,"",$170.00,$215.00,$1.50,$0.00,$0.00,$0.00,$0.00,$134.50,NJ,08505,shopdlb,$11.65,$0.00,"",
09/09/2021,09/16/2021,"",61442167509fa85a73b22b50,"Chippewa boots, black, Sz 10",Men,Shoes,Boots,Chippewa,Black,10,N,Y,N,"",$75.00,$100.00,$0.00,$0.00,$0.00,$0.00,$0.00,$60.00,CA,92881,kristianquiocho,$6.57,$0.00,"",
09/05/2021,09/21/2021,"",6149cfc05e0ba8fc481d37bf,"🆕Vionic Sneaker Adley, Sz 7, blue",Women,Shoes,Sneakers,Vionic,Blue,7,N,Y,Y,"",$60.00,$85.00,$2.46,$0.00,$0.00,$0.00,$0.00,$45.54,IL,60914,ninagravelle,$4.06,$0.00,"",
08/16/2021,09/23/2021,"",614c5c38a1d41363d6c7988b,"🆕Vionic Malcolm High Top sneaker, brown, Sz 11",Men,Shoes,Sneakers,Vionic,Brown,11,N,Y,N,"",$45.00,$62.00,$7.45,$0.00,$0.00,$0.00,$0.00,$28.55,CT,06825,aprilburg14,$2.86,$0.00,"",
08/20/2021,09/26/2021,"",61515fa3db99b972a4f8bd19,Frye Heidi Stud Fringe Tote - Black,Women,Bags,Totes,Frye,Black,OS,N,Y,N,"",$193.00,$215.00,$1.50,$0.00,$0.00,$0.00,$0.00,$152.90,MS,39047,againey12,$13.51,$0.00,"",
09/07/2021,09/22/2021,"",614bb00e4e46e171d9f6e04e,Frye Heidi Fringe Hobo - whiskey (brown),Women,Bags,Hobos,Frye,Brown,OS,N,Y,N,"",$200.00,$250.00,$1.50,$0.00,$0.00,$0.00,$0.00,$158.50,KS,67801,awhit4,$17.82,$0.00,"",
09/08/2021,09/24/2021,"",614ec7598a92fb517a51e23e,"Aquatalia Slip on, tan, Sz 9",Men,Shoes,Loafers & Slip-Ons,Aquatalia,"Tan,Brown",9,N,Y,N,"",$65.00,$85.00,$1.50,$0.00,$0.00,$0.00,$0.00,$50.50,TX,78666,wbair01,$5.86,$0.00,"",
08/17/2021,09/26/2021,"",6150c0b3878a46cc0b2ca372,🆕Basic USC Tactel Cap - red,Men,Accessories,Hats,"","Red,Yellow",OS,N,N,Y,"",$28.00,$28.00,$7.45,$0.00,$0.00,$0.00,$0.00,$14.95,CA,91604,jenkramer612,$2.66,$0.00,"",
07/10/2021,09/30/2021,"",61561a3ffb7af4f871d2c918,"Pittsburgh Penguins Hockey Jersey, sz S",Women,Tops,Jerseys,Reebok,"Black,Gold",S,N,Y,N,"",$24.00,$30.00,$0.00,$0.00,$0.00,$0.00,$0.00,$19.20,SC,29316,mary16201987,$2.20,$0.00,"",
07/16/2021,10/03/2021,"",6159dad002c1874800991ee3,Frye Ilana Perf Saddle Crossbody (Gry/Blue),Women,Bags,Crossbody Bags,Frye,"",OS,N,Y,N,"",$110.00,$145.00,$2.46,$0.00,$0.00,$0.00,$0.00,$85.54,OH,44040,cindyr713,$9.21,$0.00,"",
08/12/2021,09/29/2021,"",6154ccb8576006fb0753cda9,Frye Jenny Satchel - Burnt Red,Women,Bags,Satchels,Frye,Red,OS,N,N,N,"",$210.00,$210.00,$7.45,$0.00,$0.00,$0.00,$0.00,$160.55,WI,54235-8135,324selizabeth,$11.55,$0.00,"",
09/01/2021,10/02/2021,"",6158df453a1c1221185932e4,"Frye Amy Zip Satchel, cognac",Women,Bags,Satchels,Frye,Brown,OS,N,Y,N,"",$160.00,$208.00,$1.50,$0.00,$0.00,$0.00,$0.00,$126.50,WY,82520,slilygren,$8.80,$0.00,"",
09/10/2021,10/10/2021,"",6162f96aa9598f8724ffbc44,"🆕wob Frye Campus Harness clog, yellow, Sz 9",Women,Shoes,Mules & Clogs,Frye,Yellow,9,N,Y,N,"",$91.00,$130.00,$1.50,$0.00,$0.00,$0.00,$0.00,$71.30,NJ,08807,deln1ugx1peewuh,$0.00,$0.00,This sale is exempt from sales tax.,
08/20/2021,10/08/2021,"",6160437d19501715fc745aaf,Frye Campus Hip Pack - green,Women,Bags,Travel Bags,Frye,Green,OS,N,Y,N,"",$100.00,$120.00,$1.50,$0.00,$0.00,$0.00,$0.00,$78.50,FL,33050,deanjill,$7.95,$0.00,"",
08/20/2021,10/12/2021,"",616632c1f9c382b437aaf39b,"🆕 Vionic Kanela slouch bootie, Sz 8, sand/beige",Women,Shoes,Ankle Boots & Booties,Vionic,"Cream,Tan",8,N,N,N,"",$78.00,$78.00,$1.50,$0.00,$0.00,$0.00,$0.00,$60.90,ND,58374,alysonmyhre,$4.20,$0.00,"",
09/29/2021,10/16/2021,"",616afb5ced2f3fd60c3d1d95,"Patricia Nash velcro sneaker, brown, Sz 6 (Milla)",Women,Shoes,Sneakers,Patricia Nash,Brown,6,N,Y,N,"",$50.00,$90.00,$1.50,$0.00,$0.00,$0.00,$0.00,$38.50,WI,53211,33waves,$3.08,$0.00,"",
09/10/2021,10/20/2021,"",617015cc468232b4af457aac,"🆕wob Coach Stiletto, silver/gold-ish, Sz 6",Women,Shoes,Heels,Coach,"Silver,Gold",6,N,Y,N,"",$40.00,$50.00,$1.50,$0.00,$0.00,$0.00,$0.00,$30.50,NC,28210,cocossm78,$3.33,$0.00,"",
09/24/2021,10/17/2021,"",616c426b8d9be984b4b060ac,"🆕wob Vionic Ema, blue/pink, sz 8",Women,Shoes,Sneakers,Vionic,"Pink,Blue",8,N,N,N,"",$60.00,$50.00,$0.00,$0.00,$0.00,$0.00,$0.00,$48.00,MD,21048,caseyhuether,$3.60,$0.00,"",
08/19/2020,10/19/2021,"",616f78cd5462c362db614a09,🆕ThiEYE dashcam,Home,Other,"","",Black,OS,N,N,Y,"",$32.00,$32.00,$0.00,$0.00,$0.00,$0.00,$0.00,$25.60,NY,10463-2803,august3910,$2.84,$0.00,"",
08/08/2021,10/19/2021,"",616fa4bed4c4e8f629989f86,"Frye Criss Cross slides, tan, Sz 6",Women,Shoes,Sandals,Frye,Tan,6,N,Y,N,"",$50.00,$90.00,$0.00,$0.00,$0.00,$0.00,$0.00,$40.00,GA,30161,clmsams,$4.02,$0.00,"",
08/17/2021,10/23/2021,"",6174882cf065fe475b461031,"🆕Vionic Norah Suede Mocassin, Sz 8, Fig",Women,Shoes,Moccasins,Vionic,Purple,8,N,N,N,"",$42.00,$42.00,$7.45,$0.00,$0.00,$0.00,$0.00,$26.15,WV,25550,spiral7,$2.52,$0.00,"",
08/20/2021,10/26/2021,"",6178f580a829737b66781c42,Frye Belle Bohemian Hobo - Indigo,Women,Bags,Hobos,Frye,Blue,OS,N,Y,N,"",$130.00,$185.00,$1.50,$0.00,$0.00,$0.00,$0.00,$102.50,HI,96744,yoshiepickles,$6.12,$0.00,"",
08/25/2021,11/01/2021,"",617febc7d5ebc4e99f9ce8e8,"🆕Coach Fredrica Nubuck Loafer, Black, Sz 7",Women,Shoes,Flats & Loafers,Coach,Black,7,N,Y,Y,"",$70.00,$90.00,$1.50,$0.00,$0.00,$0.00,$0.00,$54.50,DC,20003,rlayher,$4.56,$0.00,"",
09/05/2021,11/08/2021,"",61895d8da1d413cd5282339c,"Colleen Cordero platform clog, Sz 6, tan w studs",Women,Shoes,Mules & Clogs,Calleen Cordero,"Tan,Brown",6,N,Y,N,"",$55.00,$80.00,$2.46,$0.00,$0.00,$0.00,$0.00,$41.54,MA,02540,caligirl_east,$0.00,$0.00,This sale is exempt from sales tax.,
03/29/2020,11/13/2021,"",618fc2b48f43b3f6322a34cc,NWOT Frye Casey Mini Tote - Charcoal (brwn/grey),Women,Bags,Crossbody Bags,Frye,"Brown,Gray",OS,N,Y,N,"",$80.00,$135.00,$0.00,$0.00,$0.00,$0.00,$0.00,$64.00,GA,30318,shophollyblue,$7.78,$0.00,"",
09/09/2021,11/12/2021,"",618f2ecd70e9989dfe36a241,"Frye Ivy Nylon Tote, blk/brown",Women,Bags,Totes,Frye,"Black,Brown",OS,N,Y,N,"",$100.00,$139.00,$1.50,$0.00,$0.00,$0.00,$0.00,$78.50,NM,87114,coreyclark719,$6.82,$0.00,"",
09/24/2021,11/18/2021,"",6196db37d872b4309d0134ce,"Frye Veronica boots, Sz 6, green",Women,Shoes,"",Frye,Green,6,N,Y,N,"",$133.00,$148.00,$1.50,$0.00,$0.00,$0.00,$0.00,$104.90,MO,65714-8133,amyapplethomp,--,,State does not currently impose a sales tax.,
05/28/2020,11/21/2021,"",619b1cafb721a14f1e8a8007,Frye Casey NS Tote - charcoal (dark brownish grey),Women,Bags,Totes,Frye,"Gray,Brown",OS,N,N,N,"",$196.00,$196.00,$0.00,$0.00,$0.00,$0.00,$0.00,$156.80,FL,34249,asw77,$0.00,$0.00,This sale is exempt from sales tax.,
09/24/2021,11/28/2021,"",61a4799c7a250226aa05054b,"NWOB Vionic Blaine Slip On, blk, Sz 9",Women,Shoes,"",Vionic,Black,9,N,Y,N,"",$40.00,$48.00,$1.50,$0.00,$0.00,$0.00,$0.00,$30.50,NY,13605,cmael633,$1.84,$0.00,"",
08/09/2021,12/05/2021,"",61ac80488d978454aca63b6a,"🆕Frye Logan Slim Zip Briefcase, Moss (dark green)",Men,Bags,Briefcases,Frye,"Green,Black",OS,N,Y,N,"",$185.00,$230.00,$0.00,$0.00,$0.00,$0.00,$0.00,$148.00,GA,30361,maathew1,$17.13,$0.00,"",
08/18/2019,12/06/2021,"",61aeae99e41fe0defb5f2f68,Fingerless Shearling Suede Gloves FRYE- Sm Size,Women,Accessories,Gloves & Mittens,Frye,"Black,Gray",OS,N,Y,N,"",$74.00,$88.00,$0.00,$0.00,$0.00,$0.00,$0.00,$59.20,RI,02860,thunderrainy,$0.00,$0.00,This sale is exempt from sales tax.,""
09/08/2019,12/10/2021,"",61b3de9d5c6ef60cb708e82a,Rebecca Minkoff MAB Mini Satchel Bag // Black,Women,Bags,Satchels,Rebecca Minkoff,Black,OS,N,Y,N,"",$100.00,$110.00,$0.00,$0.00,$0.00,$0.00,$0.00,$80.00,RI,02915,autumnejole,$7.52,$0.00,"",
09/13/2020,01/16/2022,"",61e469455cd1fb7767525fd8,Awapuhi Wild Ginger Texturizing Sea Spray,Women,Hair,Styling,Paul Mitchell,Black,OS,N,Y,N,"",$8.00,$15.00,$0.00,$0.00,$0.00,$0.00,$0.00,$5.05,MD,21842,tonypaints,$0.48,$0.00,"",
09/05/2021,02/06/2022,"",6200470a8a92fbda69a1f89b,"Frye Lace Up Boots, brown multi, sz9",Men,Shoes,Boots,Frye,Brown,9,N,Y,N,"",$80.00,$115.00,$1.50,$0.00,$0.00,$0.00,$0.00,$62.50,NY,10460,dogmomof3furrys,$0.00,$0.00,This sale is exempt from sales tax.,
07/28/2021,02/27/2022,"",621c53abef34d3b8837747b8,Frye Harness Tassle Clutch - black,Women,Bags,Clutches & Wristlets,Frye,"Black,Silver",OS,N,Y,N,"",$80.00,$110.00,$2.68,$0.00,$0.00,$0.00,$0.00,$61.32,VA,23009,schwenpa,$4.24,$0.00,"",
09/01/2021,03/07/2022,"",62266f2d9c0cab3ce8627323,"🆕Pikolinos Perf bucket bag, brown",Women,Bags,Crossbody Bags,PIKOLINOS,Brown,OS,N,N,Y,"",$150.00,$150.00,$1.72,$0.00,$0.00,$0.00,$0.00,$118.28,WI,54303,xa4ice,$8.58,$0.00,"",
09/05/2021,03/19/2022,"",6236298b8d978486615a5978,"Frye Veronica Slouch Tall, Whiskey, sz 9",Women,Shoes,Combat & Moto Boots,Frye,Brown,9,N,Y,N,"",$92.00,$150.00,$1.72,$0.00,$0.00,$0.00,$0.00,$71.88,MD,21015,apollonia90,$5.52,$0.00,"",
08/31/2021,03/29/2022,"",62432f0dcdb4784af7ff226c,"🆕wob Lewit FilipponMule - mustard (yellow), Sz 37",Women,Shoes,Mules & Clogs,Lewit,Yellow,37EU,N,Y,N,"",$58.00,$65.00,$1.72,$0.00,$0.00,$0.00,$0.00,$44.68,TX,78640,hattiepotomous,$5.28,$0.00,"",
07/21/2021,03/30/2022,"",624517f0b30d6949a832a5f3,"Coach C logo bracelet, Blk, white, gold",Women,Jewelry,Bracelets,Coach,"Black,Gold",OS,N,Y,N,"",$36.00,$50.00,$7.67,$0.00,$0.00,$0.00,$0.00,$21.13,NC,28213,bmb0323,$2.61,$0.00,"",
09/25/2021,04/02/2022,"",6248e8f289a0eac8d3d823b8,"🆕wob Frye Anna Mid Pull On boot, dark brown, Sz 6",Women,Shoes,"",Frye,Brown,6,N,Y,N,"",$90.00,$120.00,$1.72,$0.00,$0.00,$0.00,$0.00,$70.28,WA,98236,lyndagmail,$8.35,$0.00,"",
08/16/2021,04/09/2022,"",625149f68d97840f43b6c425,"🆕WOB Lewit Alessia Ruffle Flat, Sz 37, Fuschia",Women,Shoes,Flats & Loafers,Lewit,Pink,37EU,N,Y,N,"",$60.00,$75.00,$7.67,$0.00,$0.00,$0.00,$0.00,$40.33,MS,39361,paigepete91,$4.20,$0.00,"",
09/05/2021,04/19/2022,"",625f271dfdea1b628790181c,"Jimmy Choo heel sandal slip on, Black/snake,Sz 37",Women,Shoes,Sandals,Jimmy Choo,Black,37EU,N,Y,N,"",$106.00,$125.00,$1.72,$0.00,$0.00,$0.00,$0.00,$83.08,VA,23834,lilhiggy17,$6.36,$0.00,"",
08/14/2021,04/21/2022,"",6261ac0d4682326f0b2afdc2,"Prada Platform wedge sandal, Black, 36/Sz 6",Women,Shoes,Sandals,Prada,Black,36EU,N,Y,N,"",$110.00,$150.00,$0.00,$0.00,$0.00,$0.00,$0.00,$88.00,CA,91801,astercham,$11.29,$0.00,"",
08/31/2021,05/10/2022,"",627a5beef9de51ae3cff652c,"🆕wob Frye West Woven Driver, Brown, Sz 9",Men,Shoes,Loafers & Slip-Ons,Frye,Brown,9,N,Y,N,"",$60.00,$90.00,$1.72,$0.00,$0.00,$0.00,$0.00,$46.28,FL,33027,jackson_jacob,$4.62,$0.00,"",
08/23/2021,05/19/2022,"",628687541e75a86b9202b5d4,"🆕wob Aquatalia Flats, blue, Sz 6.5",Women,Shoes,Flats & Loafers,Aquatalia,Blue,6.5,N,N,N,"",$70.00,$70.00,$2.68,$0.00,$0.00,$0.00,$0.00,$53.32,NY,10304,vaade2017,$0.00,$0.00,This sale is exempt from sales tax.,
08/25/2021,05/27/2022,"",629078b43b4978382f959083,"Frye x Matt Shultz Bruce Pull On, Black, sz 6",Women,Shoes,Heeled Boots,Frye,"Red,Black",6,N,Y,N,"",$160.00,$180.00,$1.72,$0.00,$0.00,$0.00,$0.00,$126.28,NY,11225,parissrosee,$14.73,$0.00,"",
08/15/2019,05/25/2022,"",628f0de78f43b35ecbd7272c,"🆕 Aquatalia by Marvin K. Delight, Stone, Sz 7.5",Women,Shoes,Sandals,Aquatalia,Gray,7.5,N,Y,Y,"",$50.00,$81.00,$0.00,$0.00,$0.00,$0.00,$0.00,$40.00,NJ,07716,consiax,$0.00,$0.00,This sale is exempt from sales tax.,
09/09/2021,06/27/2022,"",62b9d41fa1d41356856df634,"💫🌟HP ITEM!💫⭐️ 🥳 Frye Parker backpack, Navy",Women,Bags,Backpacks,Frye,Blue,OS,N,Y,N,"",$185.00,$210.00,$1.72,$0.00,$0.00,$0.00,$0.00,$146.28,UT,84015,maddiclifford,$13.23,$0.00,"",
02/27/2022,07/26/2022,"",62e02eb945d731dcd71a1fa7,🆕C. Wonder “S” white jewelry box,Home,Other,"",C. Wonder,"White,Gold",OS,N,Y,Y,"",$25.00,$35.00,$7.67,$0.00,$0.00,$0.00,$0.00,$12.33,IL,60134,denhub,$2.00,$0.00,"",
09/04/2021,07/30/2022,"",62e5c7f1f9de51b84dd40b38,"🆕Lewit Rosa Heel, white, Sz 37",Women,Shoes,Heels,Lewit,White,37EU,N,Y,Y,"",$45.00,$95.00,$2.68,$0.00,$0.00,$0.00,$0.00,$33.32,OR,97035,kelsea_77,--,,State does not currently impose a sales tax.,
08/17/2021,08/07/2022,"",62efd04078b9e8125157d1c6,"Cole Haan velcro slip on, Sz 9, brown/orange",Men,Shoes,Loafers & Slip-Ons,Cole Haan,"Orange,Brown",9,N,Y,N,"",$24.00,$40.00,$0.00,$0.00,$0.00,$0.00,$0.00,$19.20,ME,04856,wackypackages,$1.32,$0.00,"",
09/13/2020,08/06/2022,"",62eed70f57357c29d0156ce6,"NWOB Frye Addie Double Zip - Whiskey, Sz 7.5",Women,Shoes,Ankle Boots & Booties,Frye,Brown,7.5,N,Y,N,"",$115.00,$130.00,$1.72,$0.00,$0.00,$0.00,$0.00,$90.28,MO,65201,marvelous_pigs,--,,State does not currently impose a sales tax.,
08/12/2022,08/13/2022,"",62f72f2966e9b6a0813cbfd9,"🆕wob Frye Campus Stitching horse, saddle, Sz 6.5",Women,Shoes,Heeled Boots,Frye,"Brown,Tan",6.5,N,Y,N,"",$150.00,$206.00,$1.72,$0.00,$0.00,$0.00,$0.00,$118.28,OH,44102,nowandthen_,$12.48,$0.00,"",
08/25/2021,09/19/2022,"",6328d98fc6fd89ac8481ab30,"Frye Deborah Studded Crossbody, blk/blue",Women,Bags,Crossbody Bags,Frye,"Black,Blue",OS,N,Y,N,"",$115.00,$190.00,$0.00,$0.00,$0.00,$0.00,$0.00,$92.00,FL,32814,sumiregusa,$7.98,$0.00,"",
07/11/2021,10/06/2022,"",633f82d11fc056cf5575778c,Frye Jacqui Crossbody - Dk Brown,Women,Bags,Crossbody Bags,Frye,Brown,OS,N,Y,N,"",$130.00,$198.00,$0.00,$0.00,$0.00,$0.00,$0.00,$104.00,IL,62260,caccer86,$9.09,$0.00,"",
08/28/2022,09/28/2022,"",633537c033186716ebefdc5f,"NWT Adidas Back Plate, chrome",Men,Other,"",adidas,"Silver,Black",OS,N,Y,Y,"",$25.00,$32.00,$2.68,$0.00,$0.00,$0.00,$0.00,$17.32,OR,97080,project503,--,,State does not currently impose a sales tax.,
09/24/2021,10/17/2022,"",634dd3bff4e525a3b9109ee4,"Frye boots, Sz 8, tan",Men,Shoes,Boots,Frye,Tan,8,N,Y,N,"",$120.00,$150.00,$1.72,$0.00,$0.00,$0.00,$0.00,$94.28,MN,55311,dtkutzke,$0.00,$0.00,This sale is exempt from sales tax.,
08/31/2021,11/02/2022,"",63627b0784b3073d00d7baac,"🆕Frye Gabe woven slip on, brown, Sz 9",Men,Shoes,Loafers & Slip-Ons,Frye,Brown,9,N,N,N,"",$100.00,$100.00,$1.72,$0.00,$0.00,$0.00,$0.00,$78.28,MI,49456,conwakr,$6.36,$0.00,"",
08/19/2021,10/30/2022,"",635e7a3c65df9fa0fdbb296f,"🆕wob M. Gemi Ankle Bootie, Black, Sz 37",Women,Shoes,Ankle Boots & Booties,M. Gemi,Black,37EU,N,Y,N,"",$102.00,$95.00,$1.72,$0.00,$0.00,$0.00,$0.00,$79.88,NY,13204,hjzahn,$4.32,$0.00,"",
08/01/2022,10/24/2022,"",6356a19c93db23fa112def8b,"Calvin Klein wedge, Sz 8, saddle (brown)",Women,Shoes,Wedges,Calvin Klein,Brown,8,N,Y,N,"",$40.00,$55.00,$7.67,$0.00,$0.00,$0.00,$0.00,$24.33,FL,33301,gobluechick,$2.80,$0.00,"",
08/20/2021,12/28/2022,"",63ac4ac1301d9bbfe83d8aa3,"🆕wob Frye Graham Stitch Tall, Chestnut, Sz 7.5",Men,Shoes,Cowboy & Western Boots,Frye,"Brown,Tan",7.5,N,Y,N,"",$130.00,$150.00,$1.72,$0.00,$0.00,$0.00,$0.00,$102.28,TX,78212,mjctexas,$11.22,$0.00,"",
08/17/2021,01/26/2023,"",63d2cfcc6665f32cbcdce9fa,"🆕wob Taryn Rose Danielle walking shoe, Pink, Sz 7",Women,Shoes,Flats & Loafers,Taryn Rose,Pink,7,N,N,N,"",$50.00,$50.00,$0.00,$0.00,$0.00,$0.00,$0.00,$40.00,CO,80023,lifenchao,$4.08,$0.00,"",
08/08/2021,02/26/2023,"",63fbe1789d619478bd0bcf67,"🆕Rachel Zoe Daisi buckle slide clog, black, Sz 7",Women,Shoes,Mules & Clogs,Rachel Zoe,"Black,Gold",7,N,N,N,"",$120.00,$120.00,$0.00,$0.00,$0.00,$0.00,$0.00,$96.00,WA,98042,vmanperformance,$12.62,$0.00,"",
01/30/2022,03/13/2023,"",640f589db28d0ba637e419d4,"Like New Vintage Frye Shoulder Hobo Bag, Red",Women,Bags,Hobos,Frye,Red,OS,N,Y,N,"",$165.00,$220.00,$2.98,$0.00,$0.00,$0.00,$0.00,$129.02,NC,27103,rdw1718,$11.90,$0.00,"",
07/11/2021,03/28/2023,"",64237ed8bee4b0f4004585a7,🆕Pikolinos Perf Bucket Bag - Nata (white),Women,Bags,Crossbody Bags,PIKOLINOS,White,OS,N,Y,Y,"",$125.00,$160.00,$7.97,$0.00,$0.00,$0.00,$0.00,$92.03,OH,44620,corbin500,$8.44,$0.00,"",
07/28/2021,06/18/2023,"",648ef32ea2c42e6da3442220,"🆕WOB - Pikolinos Mykonos Sandal, Brown, sz 37",Women,Shoes,Sandals,PIKOLINOS,"Brown,White",37EU,N,Y,N,"",$50.00,$60.00,$2.02,$0.00,$0.00,$0.00,$0.00,$37.98,FL,32405,lauralcraig2002,$3.92,$0.00,"",
09/11/2020,06/18/2023,"",648f3088c793c436edf7daf0,Frye Paige Bucket - Brown,Women,Bags,Crossbody Bags,Frye,"Gray,Brown",OS,N,Y,N,"",$130.00,$168.00,$2.98,$0.00,$0.00,$0.00,$0.00,$101.02,AZ,85382,lucky_beagle,$10.53,$0.00,"",
08/24/2021,08/07/2023,"",64d0fa30ec2c7f101e7d8a42,"🆕Coach Desaree, Magenta, Size 9.5",Women,Shoes,Heels,Coach,Pink,9.5,N,Y,Y,"",$82.00,$118.00,$7.97,$0.00,$0.00,$0.00,$0.00,$57.63,IN,46919,didi135,$5.74,$0.00,"",
08/10/2022,10/19/2023,"",65306d2d78b9e8b82d8db5e8,"🆕wob Aquatalia inside zip boots, grey Nubuck, Sz 9.5",Men,Shoes,"",Aquatalia,Gray,9.5,N,Y,N,"",$100.00,$155.00,$7.97,$0.00,$0.00,$0.00,$0.00,$72.03,NY,12831,pocomoco,$3.00,$0.00,"",
07/20/2021,03/15/2024,"",65f4e7529aaf552abbead94b,"Frye Cameron Flap Small Satchel, Grey",Women,Bags,Satchels,Frye,Gray,OS,N,Y,N,"",$200.00,$218.00,$2.02,$0.00,$0.00,$0.00,$0.00,$157.98,CO,80538,foolforchrist7,$13.40,$0.00,"",
08/11/2022,04/30/2024,"",663170b28e1e70bb1d45f6a3,"🆕 Aquatalia Tully Sandal, I’m black, Sz 7",Women,Shoes,Sandals,Aquatalia,Black,7,N,Y,Y,"",$66.00,$95.00,$2.02,$0.00,$0.00,$0.00,$0.00,$50.78,NY,10025,wmwong253,$0.00,$0.00,This sale is exempt from sales tax.,
06/21/2024,06/22/2024,"",667748432938f8f86256a6a3,"🆕WOB Chippewa Boots, olive green, sz 10",Men,Shoes,Boots,Chippewa,Green,10,N,Y,N,"",$100.00,$140.00,$2.02,$0.00,$0.00,$0.00,$0.00,$77.98,NC,28214,fuelfoom,$7.68,$0.00,"",
02/20/2023,07/13/2024,"",6692ba9965df9f24d07efe54,"Massimo Dutti sunglasses, yellow/orange",Women,Accessories,Sunglasses,Massimo Dutti,"Yellow,Orange",OS,N,Y,Y,"",$30.00,$50.00,$2.02,$0.00,$0.00,$0.00,$0.00,$21.98,FL,33198,anyfdez,$0.00,$0.00,This sale is exempt from sales tax.,
09/06/2021,09/19/2024,"",66ecdc876e661493885f657a,"Frye Giant Shopper Tote bag, blue/red",Women,Bags,Totes,Frye,"Blue,Red",OS,N,Y,N,"",$185.00,$250.00,$0.00,$0.00,$0.00,$0.00,$0.00,$148.00,OK,73044,jefmel68,$9.72,$0.00,"",
11/11/2024,11/11/2024,"",6732d5a33a2fa70d0a7ed0dc,"Giorgio Armani Lasting Silk UV Compact Foundation -#5, refill",Women,Makeup,Foundation,Giorgio Armani,Cream,OS,N,Y,Y,"",$40.00,$50.00,$2.02,$0.00,$0.00,$0.00,$0.00,$29.98,NY,10011,annd212,$4.08,$0.00,"",
09/06/2021,11/11/2024,"",66fa467ee1eec01a27b76377,"Frye Natalie Moto Shoulder, Maroon",Women,Bags,Shoulder Bags,Frye,"Red,Purple",OS,N,Y,N,"",$130.00,$170.00,$7.97,$0.00,$0.00,$0.00,$0.00,$96.03,NJ,08824,mb187,$8.61,$0.00,"",
07/11/2024,11/12/2024,"",6733949929c5ea07fb4a757a,"Ray Bans RB-2186 State street, 52mm, Havana",Women,Accessories,Sunglasses,Ray-Ban,"Brown,Orange",OS,N,Y,N,"",$100.00,$130.00,$0.00,$0.00,$0.00,$0.00,$0.00,$80.00,FL,32950,hanna621,$7.56,$0.00,"",
08/23/2020,11/13/2024,"",673537a37234cfe15ee21ba9,🆕NWT Serrated Bread Knife - silver 8in+4.9in,Home,Kitchen,Knives & Cutlery,"",Silver,OS,N,Y,Y,"",$12.00,$17.00,$0.00,$0.00,$0.00,$0.00,$0.00,$9.05,HI,96768,jenbarr66,$0.90,$0.00,"",
11/22/2024,12/08/2024,"",6755bce6be2429ceb74ab940,"NWOT Zoo York zip up fleece lined hoodie, Sz M, black & white",Men,Sweaters,Zip Up,Zoo York,"Black,White",M,N,Y,N,"",$20.00,$36.00,$2.02,$0.00,$0.00,$0.00,$0.00,$13.98,HI,96720,ohm_chic,$1.17,$0.00,"",
09/12/2024,12/11/2024,"",675a7b2aa045bb6d88017ff7,🆕 Robin Ruth Amanda Collection - Cap New York - floral multi,Women,Accessories,Hats,Robin Ruth,Pink,OS,N,Y,Y,"",$10.00,$19.00,$0.00,$0.00,$0.00,$0.00,$0.00,$7.05,AL,36206,thharbour,$0.80,$0.00,"",
02/22/2023,12/18/2024,"",6763937d3ff7eec700fd5bfa,"Veronica Beard Sherpa, Army Green, size Large",Women,Jackets & Coats,"",Veronica Beard,"Orange,Green",L,N,Y,N,"",$115.00,$215.00,$2.02,$0.00,$0.00,$0.00,$0.00,$89.98,PA,19139,doh5621,$0.00,$0.00,This sale is exempt from sales tax.,
09/11/2022,01/09/2025,"",67807e5aac2ce215c38c0eef,"Kids Frye Slouch boots, antiqued ivory, Sz 13 (unisex)",Kids,Shoes,Boots,Frye,Cream,13G,N,Y,N,"",$50.00,$68.00,$2.02,$0.00,$0.00,$0.00,$0.00,$37.98,WY,82604,ckevans13,$2.50,$0.00,"",
09/08/2020,02/01/2025,"",679e36ec1fea02be1f47c6f6,Frye Paige Bucket Drawstring - Black,Women,Bags,Crossbody Bags,Frye,Black,OS,N,Y,N,"",$170.00,$168.00,$0.00,$0.00,$0.00,$0.00,$0.00,$136.00,IL,60654,lchiodini,$17.44,$0.00,"",
08/23/2021,01/30/2025,"",679304de18fbdc8ad73f72b8,"🆕wob Frye inside Zip boot, brown, Sz 9",Men,Shoes,Boots,Frye,"",9,N,N,N,"",$205.00,$205.00,$2.02,$0.00,$0.00,$0.00,$0.00,$161.98,FL,32225,donchacon123,$15.83,$0.00,"",
02/09/2025,02/23/2025,"",6791dc63c08c2117f0b5b664,"Frye Harness 12R, tan, Sz 6",Women,Shoes,Heeled Boots,Frye,Tan,6,N,Y,N,"",$175.00,$255.00,$7.97,$0.00,$0.00,$0.00,$0.00,$132.03,CA,92867,leatorres223,$13.57,$0.00,"",
11/16/2024,03/11/2025,"",67d0dc320610d960029c77b2,"Frye Casey Studded ankle wrap sandal, black, Sz 7",Women,Shoes,Sandals,Frye,Black,7,N,Y,N,"",$50.00,$99.00,$2.02,$0.00,$0.00,$0.00,$0.00,$37.98,IL,60087,del3zwy35mic2yj,$4.76,$0.00,"",
01/25/2025,03/17/2025,"",67d89df5e1eec090b6e58de9,"🆕nwt Remington dog leash 6’, green white",Pets,Dog,"Collars, Leashes & Harnesses",Remington,"Green,White",OS,N,Y,Y,"",$15.00,$28.00,$2.98,$0.00,$0.00,$0.00,$0.00,$9.02,FL,32949,holski47,$1.40,$0.00,"",
01/18/2025,03/25/2025,"",67e2a832d5074628a0c76e0c,"🆕 Swatch Polawhite, color: white",Women,Accessories,Watches,Swatch,White,OS,N,Y,Y,"",$50.00,$75.00,$0.00,$0.00,$0.00,$0.00,$0.00,$40.00,MD,20895,fajita238,$3.00,$0.00,"",
07/23/2021,05/06/2025,"",6819ea41b6a2b3c98eae07e9,"Alexander McQueen Court low top, white/rose, 37.5",Women,Shoes,Athletic Shoes,Alexander McQueen,"Pink,White",37.5EU,N,Y,N,"",$200.00,$475.00,$0.00,$0.00,$0.00,$0.00,$0.00,$160.00,FL,33409,leeshleesh,$14.58,$0.00,"",
03/23/2025,07/11/2025,"",6871ea506b27568a449ecf75,Frye Deborah Studded Crossbody Bag - Brown,Women,Bags,Crossbody Bags,Frye,Brown,OS,N,Y,N,"",$165.00,$213.00,$2.32,$0.00,$0.00,$0.00,$0.00,$129.68,NC,28023,nightingowl357,$11.96,$0.00,"",
11/30/2024,08/19/2025,"",68a53a85fbae95e4cc496b4d,"🆕Bubbletastic dog bubble machine, orange",Pets,Dog,Toys,bubbletastic,Orange,OS,N,N,Y,"",$30.00,$30.00,$2.32,$0.00,$0.00,$0.00,$0.00,$21.68,TX,77504,misterjdf,$2.97,$0.00,"",
11/30/2024,08/22/2025,"",68a9250fa56f00d1f8451cb0,"🆕wob Frye 12R Engineer, gaucho (brown), Sz 9",Men,Shoes,Boots,Frye,Brown,9,N,Y,N,"",$204.00,$240.00,$2.32,$0.00,$0.00,$0.00,$0.00,$160.88,CO,81201,apeterson770,$17.65,$0.00,"",
02/23/2025,09/09/2025,"",68bfd19a1277fb5cd01ba551,"Beauty of Joseon - Ginseng Cleansing Oil, (210ml/7.1 Fl oz)",Women,Skincare,"",beauty of joseon,"",OS,N,Y,N,"",$14.00,$21.00,$3.28,$0.00,$0.00,$0.00,$0.00,$7.77,TX,76255,ericka_redd,$0.00,$0.00,This sale is exempt from sales tax.,
11/15/2024,09/06/2025,"",68bbdeda3391644fbbef2ba4,"🆕wot Frye Harness Hobo bucket, black",Women,Bags,Hobos,Frye,Black,OS,N,Y,N,"",$160.00,$195.00,$0.00,$0.00,$0.00,$0.00,$0.00,$128.00,TN,37402,sfmajoras,$15.57,$0.00,"",
09/07/2025,09/24/2025,"",68d446e500d30f1cf0139122,"Frye Vintage Cameron Mini Satchel, brown",Women,Bags,Mini Bags,Frye,Brown,OS,N,Y,N,"",$120.00,$144.00,$0.00,$0.00,$0.00,$0.00,$0.00,$96.00,KS,67354,lacy817,$9.30,$0.00,"",
09/15/2022,10/17/2025,"",68f2c6d168ca0ea6c8b42114,Anna Sui x Frye Cameron Mini calf hair crossbody - burgundy multi,Women,Bags,Crossbody Bags,Frye,"Red,Purple",OS,N,Y,N,"",$140.00,$258.00,$1.50,$0.00,$0.00,$0.00,$0.00,$110.50,LA,70119,fleurtacious,$14.00,$0.00,"",
08/13/2022,03/15/2026,"",6988247d0430dfcb570ed83a,"🆕wob Pikolinos Lisboa lowtop, Sz 37, Brandy (brown)",Women,Shoes,Sneakers,PIKOLINOS,Brown,37EU,N,Y,N,"",$62.00,$88.00,$6.49,$0.00,$0.00,$0.00,$0.00,$43.11,CA,92223,lilith23,$4.81,$0.00,"",
03/03/2025,03/17/2026,"",69b978cc102e427a9c4a876a,"NWOB Coach wedge, c logo, dark grey (looks blue) Sz 7",Women,Shoes,Wedges,Coach,"Blue,Gray",7,N,Y,N,"",$40.00,$58.00,$6.49,$0.00,$0.00,$0.00,$0.00,$25.51,NE,68521,iphone587,$2.90,$0.00,"",
03/20/2026,03/27/2026,"",69c6e0f81fea02985b517df0,🆕 NIB Oura Ring 4 - silver - sz 7,Electronics,Wearables,Rings,Oura,Silver,OS,N,Y,Y,"",$228.00,$269.00,$1.50,$0.00,$0.00,$0.00,$0.00,$180.90,PA,19403,ashleykenny1717,$13.98,$0.00,"",
07/17/2021,03/27/2026,"",69c695da59f4d67dc4caa205,"🆕Frye Blair Side Ghillie, Cognac, sz 7.5",Women,Shoes,Sandals,Frye,Brown,7.5,N,Y,Y,"",$134.00,$110.00,$0.00,$0.00,$0.00,$0.00,$0.00,$107.20,WA,98116,aldousness,$14.82,$0.00,"",
08/15/2022,04/25/2026,"",69ed7ebf134d3ec056b095ae,"🆕WOB Taryn Rose Dad Sandal (Lydia), Marine (blue), Sz 6",Women,Shoes,Sandals,Taryn Rose,Blue,6,N,N,N,"",$70.00,$70.00,$0.00,$0.00,$0.00,$0.00,$0.00,$56.00,IL,61705,mereotto,$7.46,$0.00,"",
10/15/2025,04/24/2026,"",69ec08d404b36dec68b71951,LIKE NEW- Pantone FHI Color Specifier Binder (Fashion Home + Interiors),Home,Other,"",Pantone,"Blue,White",OS,N,N,N,"",$345.00,$345.00,$6.49,$10.00,$0.00,$0.00,$0.00,$269.51,CA,90028,maiacrf,$33.64,$0.00,"",
01/18/2025,05/08/2026,"",69fdd1350430dfe600c40cad,"🆕 NWT All in Motion Half Zip Pullover, Sz L, Heathered Gray",Women,Sweaters,"",all in motion,Gray,L,N,Y,Y,"",$12.00,$21.00,$1.50,$0.00,$0.00,$0.00,$0.00,$7.55,NY,10989,pamelarogers1,$0.75,$0.00,"",
07/11/2021,05/06/2026,"",69f87d2c38b0585e7ff73cb9,"🆕Pikolinos Cabanes Sneaker, White, sz 38 (7.5-8)",Women,Shoes,Sneakers,PIKOLINOS,White,7.5,N,Y,Y,"",$108.00,$120.00,$1.50,$0.00,$0.00,$0.00,$0.00,$84.90,IL,60018,cmp68581,$11.58,$0.00,"",
03/08/2025,05/16/2026,"",6a0899c29690947c3871152c,"🆕NWOB Frye Deborah Studded boot, Sz 6, gold/brown",Women,Shoes,Heeled Boots,Frye,"Brown,Gold",6,N,Y,N,"",$210.00,$248.00,$1.50,$0.00,$0.00,$0.00,$0.00,$166.50,WA,98105,heavymascara,$22.68,$0.00,"",
05/31/2026,07/16/2026,"",6a58db2e3a2fa7ac87240921,"Manolo Blahnik Open-toe Chain Sandal Pump, 36, slv",Women,Shoes,Sandals,Manolo Blahnik,Silver,36EU,N,Y,N,"",$128.00,$320.00,$1.50,$0.00,$0.00,$0.00,$0.00,$100.90,FL,33127,lillianp430,$9.31,$0.00,"",
07/30/2026,08/03/2026,"",6a71160c1277fb0252de92f2,"🆕NWT 2 Tone V-Neck knit slit midi dress, Black/Cream, Sz Medium",Women,Dresses,Midi,Commense,"Black,Cream",M,N,N,Y,"",$28.00,$28.00,$0.00,$0.00,$0.00,$0.00,$0.00,$22.40,RI,02865,grzonfrilli169,$0.00,$0.00,This sale is exempt from sales tax.,
07/29/2026,08/03/2026,"",6a70881338b05857e21efa7f,"🆕NWT Commense Black Maxi Sweater Tank Dress with Cream Trim, Sz Medium",Women,Dresses,Maxi,Commense,"Black,Cream",M,N,Y,Y,"",$32.00,$44.00,$6.49,$0.00,$0.00,$0.00,$0.00,$19.11,SC,29582,bakerhel,$2.56,$0.00,"",
08/01/2026,08/13/2026,"",6a7e0065e18a52bcc3868957,Coleman Fold & Go Pet Cot - grey and black,Pets,Dog,"",Coleman,"Red,Black",OS,N,Y,N,"",$30.00,$36.00,$0.00,$0.00,$0.00,$0.00,$0.00,$24.00,FL,33707,a_l_9,$2.55,$0.00,"",
07/28/2026,08/14/2026,"",6a7f1897ed81c77134b420d7,"Vintage Due per Due Women's Pantsuit set, Sz 6, mauve purple",Women,Pants & Jumpsuits,Pantsuits,due per due,Purple,6,N,Y,N,"",$32.00,$78.00,$0.00,$0.00,$0.00,$0.00,$0.00,$25.60,FL,34997,debface,$0.00,$0.00,This sale is exempt from sales tax.,
08/16/2026,08/21/2026,"",6a88f656ff8a47a43933f891,"🆕NWT The Iconic Cotton Chino Ball Cap, yellow",Women,Accessories,Hats,Polo Ralph Lauren,"Yellow,Blue",OS,Y,Y,Y,"",$29.29,$41.00,$0.00,$0.00,$0.00,$0.00,$0.00,$23.43,IL,60136,heatherleim,$2.67,$0.00,"",
08/16/2026,08/21/2026,"",6a88f656ff8a47a43933f891,"🆕NWT Ralph Lauren Navy Corduroy Baseball Cap, one size",Women,Accessories,Hats,Polo Ralph Lauren,Blue,OS,Y,Y,Y,"",$30.71,$41.00,$0.00,$0.00,$0.00,$0.00,$0.00,$24.57,IL,60136,heatherleim,$2.80,$0.00,"",
""
Totals,"","","","","","","","","","","","","","","$19,451.00","$25,883.00",$434.13,"","","","","$15,116.87"
